"","conflict_id","ISO","year","best","conflict_bin"
"1",333,"AFG",2000,3,1
"2",333,"AFG",2001,441,1
"3",333,"AFG",2002,30,1
"4",333,"AFG",2003,19,1
"5",333,"AFG",2004,3,1
"6",333,"AFG",2005,2,1
"7",333,"AFG",2006,4,1
"8",333,"AFG",2007,1,1
"9",333,"AFG",2008,8,1
"10",333,"AFG",2009,16,1
"11",333,"AFG",2010,7,1
"12",333,"AFG",2011,2,1
"13",333,"AFG",2012,2,1
"14",333,"AFG",2013,16,1
"15",333,"AFG",2014,1,1
"16",333,"AFG",2015,1,1
"17",333,"AFG",2016,0,0
"18",259,"AFG",2017,6,1
"19",333,"AFG",2018,12,1
"20",NA,"AFG",2019,NA,NA
"21",NA,"ALB",2000,NA,NA
"22",NA,"ALB",2001,NA,NA
"23",NA,"ALB",2002,NA,NA
"24",NA,"ALB",2003,NA,NA
"25",NA,"ALB",2004,NA,NA
"26",NA,"ALB",2005,NA,NA
"27",NA,"ALB",2006,NA,NA
"28",NA,"ALB",2007,NA,NA
"29",NA,"ALB",2008,NA,NA
"30",NA,"ALB",2009,NA,NA
"31",NA,"ALB",2010,NA,NA
"32",NA,"ALB",2011,NA,NA
"33",NA,"ALB",2012,NA,NA
"34",NA,"ALB",2013,NA,NA
"35",NA,"ALB",2014,NA,NA
"36",NA,"ALB",2015,NA,NA
"37",NA,"ALB",2016,NA,NA
"38",NA,"ALB",2017,NA,NA
"39",NA,"ALB",2018,NA,NA
"40",NA,"ALB",2019,NA,NA
"41",386,"DZA",2000,5,1
"42",386,"DZA",2001,4,1
"43",386,"DZA",2002,3,1
"44",386,"DZA",2003,2,1
"45",386,"DZA",2004,2,1
"46",386,"DZA",2005,0,0
"47",386,"DZA",2006,1,1
"48",386,"DZA",2007,6,1
"49",386,"DZA",2008,4,1
"50",386,"DZA",2009,3,1
"51",386,"DZA",2010,10,1
"52",386,"DZA",2011,1,1
"53",386,"DZA",2012,3,1
"54",386,"DZA",2013,9,1
"55",386,"DZA",2014,3,1
"56",386,"DZA",2015,1,1
"57",386,"DZA",2016,1,1
"58",386,"DZA",2017,0,0
"59",386,"DZA",2018,8,1
"60",NA,"DZA",2019,NA,NA
"61",NA,"AND",2000,NA,NA
"62",NA,"AND",2001,NA,NA
"63",NA,"AND",2002,NA,NA
"64",NA,"AND",2003,NA,NA
"65",NA,"AND",2004,NA,NA
"66",NA,"AND",2005,NA,NA
"67",NA,"AND",2006,NA,NA
"68",NA,"AND",2007,NA,NA
"69",NA,"AND",2008,NA,NA
"70",NA,"AND",2009,NA,NA
"71",NA,"AND",2010,NA,NA
"72",NA,"AND",2011,NA,NA
"73",NA,"AND",2012,NA,NA
"74",NA,"AND",2013,NA,NA
"75",NA,"AND",2014,NA,NA
"76",NA,"AND",2015,NA,NA
"77",NA,"AND",2016,NA,NA
"78",NA,"AND",2017,NA,NA
"79",NA,"AND",2018,NA,NA
"80",NA,"AND",2019,NA,NA
"81",327,"AGO",2000,0,0
"82",327,"AGO",2001,19,1
"83",327,"AGO",2002,47,1
"84",387,"AGO",2003,3,1
"85",387,"AGO",2004,0,0
"86",387,"AGO",2005,4,1
"87",387,"AGO",2006,0,0
"88",387,"AGO",2007,25,1
"89",387,"AGO",2008,1,1
"90",387,"AGO",2009,24,1
"91",387,"AGO",2010,2,1
"92",387,"AGO",2011,0,0
"93",NA,"AGO",2012,NA,NA
"94",327,"AGO",2013,2,1
"95",387,"AGO",2014,0,0
"96",387,"AGO",2015,1,1
"97",475,"AGO",2016,1,1
"98",475,"AGO",2017,1,1
"99",475,"AGO",2018,1,1
"100",NA,"AGO",2019,NA,NA
"101",NA,"ATG",2000,NA,NA
"102",NA,"ATG",2001,NA,NA
"103",NA,"ATG",2002,NA,NA
"104",NA,"ATG",2003,NA,NA
"105",NA,"ATG",2004,NA,NA
"106",NA,"ATG",2005,NA,NA
"107",NA,"ATG",2006,NA,NA
"108",NA,"ATG",2007,NA,NA
"109",NA,"ATG",2008,NA,NA
"110",NA,"ATG",2009,NA,NA
"111",NA,"ATG",2010,NA,NA
"112",NA,"ATG",2011,NA,NA
"113",NA,"ATG",2012,NA,NA
"114",NA,"ATG",2013,NA,NA
"115",NA,"ATG",2014,NA,NA
"116",NA,"ATG",2015,NA,NA
"117",NA,"ATG",2016,NA,NA
"118",NA,"ATG",2017,NA,NA
"119",NA,"ATG",2018,NA,NA
"120",NA,"ATG",2019,NA,NA
"121",NA,"ARG",2000,NA,NA
"122",NA,"ARG",2001,NA,NA
"123",NA,"ARG",2002,NA,NA
"124",NA,"ARG",2003,NA,NA
"125",NA,"ARG",2004,NA,NA
"126",NA,"ARG",2005,NA,NA
"127",NA,"ARG",2006,NA,NA
"128",NA,"ARG",2007,NA,NA
"129",NA,"ARG",2008,NA,NA
"130",NA,"ARG",2009,NA,NA
"131",NA,"ARG",2010,NA,NA
"132",NA,"ARG",2011,NA,NA
"133",NA,"ARG",2012,NA,NA
"134",NA,"ARG",2013,NA,NA
"135",NA,"ARG",2014,NA,NA
"136",NA,"ARG",2015,NA,NA
"137",NA,"ARG",2016,NA,NA
"138",NA,"ARG",2017,NA,NA
"139",NA,"ARG",2018,NA,NA
"140",NA,"ARG",2019,NA,NA
"141",NA,"ARM",2000,NA,NA
"142",NA,"ARM",2001,NA,NA
"143",NA,"ARM",2002,NA,NA
"144",NA,"ARM",2003,NA,NA
"145",NA,"ARM",2004,NA,NA
"146",388,"ARM",2005,1,1
"147",388,"ARM",2006,1,1
"148",NA,"ARM",2007,NA,NA
"149",NA,"ARM",2008,NA,NA
"150",NA,"ARM",2009,NA,NA
"151",NA,"ARM",2010,NA,NA
"152",NA,"ARM",2011,NA,NA
"153",388,"ARM",2012,1,1
"154",388,"ARM",2013,1,1
"155",NA,"ARM",2014,NA,NA
"156",388,"ARM",2015,1,1
"157",388,"ARM",2016,4,1
"158",NA,"ARM",2017,NA,NA
"159",388,"ARM",2018,1,1
"160",NA,"ARM",2019,NA,NA
"161",NA,"AUS",2000,NA,NA
"162",NA,"AUS",2001,NA,NA
"163",NA,"AUS",2002,NA,NA
"164",NA,"AUS",2003,NA,NA
"165",NA,"AUS",2004,NA,NA
"166",NA,"AUS",2005,NA,NA
"167",NA,"AUS",2006,NA,NA
"168",NA,"AUS",2007,NA,NA
"169",NA,"AUS",2008,NA,NA
"170",NA,"AUS",2009,NA,NA
"171",NA,"AUS",2010,NA,NA
"172",NA,"AUS",2011,NA,NA
"173",NA,"AUS",2012,NA,NA
"174",NA,"AUS",2013,NA,NA
"175",NA,"AUS",2014,NA,NA
"176",NA,"AUS",2015,NA,NA
"177",NA,"AUS",2016,NA,NA
"178",NA,"AUS",2017,NA,NA
"179",259,"AUS",2018,1,1
"180",NA,"AUS",2019,NA,NA
"181",NA,"AUT",2000,NA,NA
"182",NA,"AUT",2001,NA,NA
"183",NA,"AUT",2002,NA,NA
"184",NA,"AUT",2003,NA,NA
"185",NA,"AUT",2004,NA,NA
"186",NA,"AUT",2005,NA,NA
"187",NA,"AUT",2006,NA,NA
"188",NA,"AUT",2007,NA,NA
"189",NA,"AUT",2008,NA,NA
"190",NA,"AUT",2009,NA,NA
"191",NA,"AUT",2010,NA,NA
"192",NA,"AUT",2011,NA,NA
"193",NA,"AUT",2012,NA,NA
"194",NA,"AUT",2013,NA,NA
"195",NA,"AUT",2014,NA,NA
"196",NA,"AUT",2015,NA,NA
"197",NA,"AUT",2016,NA,NA
"198",NA,"AUT",2017,NA,NA
"199",NA,"AUT",2018,NA,NA
"200",NA,"AUT",2019,NA,NA
"201",388,"AZE",2000,8,1
"202",388,"AZE",2001,2,1
"203",NA,"AZE",2002,NA,NA
"204",NA,"AZE",2003,NA,NA
"205",388,"AZE",2004,1,1
"206",388,"AZE",2005,1,1
"207",388,"AZE",2006,1,1
"208",388,"AZE",2007,0,0
"209",388,"AZE",2008,14,1
"210",388,"AZE",2009,3,1
"211",388,"AZE",2010,0,0
"212",388,"AZE",2011,1,1
"213",388,"AZE",2012,1,1
"214",388,"AZE",2013,0,0
"215",388,"AZE",2014,1,1
"216",388,"AZE",2015,1,1
"217",388,"AZE",2016,0,0
"218",388,"AZE",2017,5,1
"219",388,"AZE",2018,1,1
"220",NA,"AZE",2019,NA,NA
"221",NA,"BHR",2000,NA,NA
"222",NA,"BHR",2001,NA,NA
"223",NA,"BHR",2002,NA,NA
"224",NA,"BHR",2003,NA,NA
"225",NA,"BHR",2004,NA,NA
"226",NA,"BHR",2005,NA,NA
"227",NA,"BHR",2006,NA,NA
"228",NA,"BHR",2007,NA,NA
"229",NA,"BHR",2008,NA,NA
"230",NA,"BHR",2009,NA,NA
"231",NA,"BHR",2010,NA,NA
"232",718,"BHR",2011,1,1
"233",NA,"BHR",2012,NA,NA
"234",NA,"BHR",2013,NA,NA
"235",NA,"BHR",2014,NA,NA
"236",NA,"BHR",2015,NA,NA
"237",NA,"BHR",2016,NA,NA
"238",NA,"BHR",2017,NA,NA
"239",NA,"BHR",2018,NA,NA
"240",NA,"BHR",2019,NA,NA
"241",223,"BGD",2000,11,1
"242",517,"BGD",2001,4,1
"243",4591,"BGD",2002,1,1
"244",512,"BGD",2003,0,0
"245",2009,"BGD",2004,1,1
"246",487,"BGD",2005,2,1
"247",487,"BGD",2006,3,1
"248",11350,"BGD",2007,1,1
"249",487,"BGD",2008,3,1
"250",517,"BGD",2009,1,1
"251",2009,"BGD",2010,1,1
"252",4591,"BGD",2011,0,0
"253",4591,"BGD",2012,1,1
"254",731,"BGD",2013,1,1
"255",4591,"BGD",2014,1,1
"256",506,"BGD",2015,1,1
"257",506,"BGD",2016,1,1
"258",506,"BGD",2017,1,1
"259",2009,"BGD",2018,1,1
"260",NA,"BGD",2019,NA,NA
"261",NA,"BRB",2000,NA,NA
"262",NA,"BRB",2001,NA,NA
"263",NA,"BRB",2002,NA,NA
"264",NA,"BRB",2003,NA,NA
"265",NA,"BRB",2004,NA,NA
"266",NA,"BRB",2005,NA,NA
"267",NA,"BRB",2006,NA,NA
"268",NA,"BRB",2007,NA,NA
"269",NA,"BRB",2008,NA,NA
"270",NA,"BRB",2009,NA,NA
"271",NA,"BRB",2010,NA,NA
"272",NA,"BRB",2011,NA,NA
"273",NA,"BRB",2012,NA,NA
"274",NA,"BRB",2013,NA,NA
"275",NA,"BRB",2014,NA,NA
"276",NA,"BRB",2015,NA,NA
"277",NA,"BRB",2016,NA,NA
"278",NA,"BRB",2017,NA,NA
"279",NA,"BRB",2018,NA,NA
"280",NA,"BRB",2019,NA,NA
"281",NA,"BLR",2000,NA,NA
"282",NA,"BLR",2001,NA,NA
"283",NA,"BLR",2002,NA,NA
"284",NA,"BLR",2003,NA,NA
"285",NA,"BLR",2004,NA,NA
"286",NA,"BLR",2005,NA,NA
"287",NA,"BLR",2006,NA,NA
"288",NA,"BLR",2007,NA,NA
"289",NA,"BLR",2008,NA,NA
"290",NA,"BLR",2009,NA,NA
"291",NA,"BLR",2010,NA,NA
"292",NA,"BLR",2011,NA,NA
"293",NA,"BLR",2012,NA,NA
"294",NA,"BLR",2013,NA,NA
"295",NA,"BLR",2014,NA,NA
"296",NA,"BLR",2015,NA,NA
"297",NA,"BLR",2016,NA,NA
"298",NA,"BLR",2017,NA,NA
"299",NA,"BLR",2018,NA,NA
"300",NA,"BLR",2019,NA,NA
"301",NA,"BEL",2000,NA,NA
"302",NA,"BEL",2001,NA,NA
"303",NA,"BEL",2002,NA,NA
"304",NA,"BEL",2003,NA,NA
"305",NA,"BEL",2004,NA,NA
"306",NA,"BEL",2005,NA,NA
"307",NA,"BEL",2006,NA,NA
"308",NA,"BEL",2007,NA,NA
"309",NA,"BEL",2008,NA,NA
"310",NA,"BEL",2009,NA,NA
"311",NA,"BEL",2010,NA,NA
"312",NA,"BEL",2011,NA,NA
"313",NA,"BEL",2012,NA,NA
"314",NA,"BEL",2013,NA,NA
"315",NA,"BEL",2014,NA,NA
"316",NA,"BEL",2015,NA,NA
"317",259,"BEL",2016,1,1
"318",NA,"BEL",2017,NA,NA
"319",259,"BEL",2018,3,1
"320",NA,"BEL",2019,NA,NA
"321",NA,"BLZ",2000,NA,NA
"322",NA,"BLZ",2001,NA,NA
"323",NA,"BLZ",2002,NA,NA
"324",NA,"BLZ",2003,NA,NA
"325",NA,"BLZ",2004,NA,NA
"326",NA,"BLZ",2005,NA,NA
"327",NA,"BLZ",2006,NA,NA
"328",NA,"BLZ",2007,NA,NA
"329",NA,"BLZ",2008,NA,NA
"330",NA,"BLZ",2009,NA,NA
"331",NA,"BLZ",2010,NA,NA
"332",NA,"BLZ",2011,NA,NA
"333",NA,"BLZ",2012,NA,NA
"334",NA,"BLZ",2013,NA,NA
"335",NA,"BLZ",2014,NA,NA
"336",NA,"BLZ",2015,NA,NA
"337",NA,"BLZ",2016,NA,NA
"338",NA,"BLZ",2017,NA,NA
"339",NA,"BLZ",2018,NA,NA
"340",NA,"BLZ",2019,NA,NA
"341",NA,"BEN",2000,NA,NA
"342",NA,"BEN",2001,NA,NA
"343",NA,"BEN",2002,NA,NA
"344",NA,"BEN",2003,NA,NA
"345",NA,"BEN",2004,NA,NA
"346",NA,"BEN",2005,NA,NA
"347",NA,"BEN",2006,NA,NA
"348",NA,"BEN",2007,NA,NA
"349",NA,"BEN",2008,NA,NA
"350",NA,"BEN",2009,NA,NA
"351",NA,"BEN",2010,NA,NA
"352",NA,"BEN",2011,NA,NA
"353",NA,"BEN",2012,NA,NA
"354",NA,"BEN",2013,NA,NA
"355",NA,"BEN",2014,NA,NA
"356",NA,"BEN",2015,NA,NA
"357",NA,"BEN",2016,NA,NA
"358",NA,"BEN",2017,NA,NA
"359",NA,"BEN",2018,NA,NA
"360",NA,"BEN",2019,NA,NA
"361",NA,"BTN",2000,NA,NA
"362",NA,"BTN",2001,NA,NA
"363",NA,"BTN",2002,NA,NA
"364",NA,"BTN",2003,NA,NA
"365",531,"BTN",2004,0,0
"366",NA,"BTN",2005,NA,NA
"367",NA,"BTN",2006,NA,NA
"368",NA,"BTN",2007,NA,NA
"369",NA,"BTN",2008,NA,NA
"370",NA,"BTN",2009,NA,NA
"371",NA,"BTN",2010,NA,NA
"372",NA,"BTN",2011,NA,NA
"373",NA,"BTN",2012,NA,NA
"374",NA,"BTN",2013,NA,NA
"375",NA,"BTN",2014,NA,NA
"376",NA,"BTN",2015,NA,NA
"377",NA,"BTN",2016,NA,NA
"378",NA,"BTN",2017,NA,NA
"379",NA,"BTN",2018,NA,NA
"380",NA,"BTN",2019,NA,NA
"381",4721,"BOL",2000,4,1
"382",NA,"BOL",2001,NA,NA
"383",NA,"BOL",2002,NA,NA
"384",NA,"BOL",2003,NA,NA
"385",NA,"BOL",2004,NA,NA
"386",NA,"BOL",2005,NA,NA
"387",NA,"BOL",2006,NA,NA
"388",NA,"BOL",2007,NA,NA
"389",NA,"BOL",2008,NA,NA
"390",NA,"BOL",2009,NA,NA
"391",NA,"BOL",2010,NA,NA
"392",NA,"BOL",2011,NA,NA
"393",NA,"BOL",2012,NA,NA
"394",NA,"BOL",2013,NA,NA
"395",NA,"BOL",2014,NA,NA
"396",NA,"BOL",2015,NA,NA
"397",NA,"BOL",2016,NA,NA
"398",NA,"BOL",2017,NA,NA
"399",NA,"BOL",2018,NA,NA
"400",NA,"BOL",2019,NA,NA
"401",NA,"BIH",2000,NA,NA
"402",NA,"BIH",2001,NA,NA
"403",NA,"BIH",2002,NA,NA
"404",NA,"BIH",2003,NA,NA
"405",NA,"BIH",2004,NA,NA
"406",NA,"BIH",2005,NA,NA
"407",NA,"BIH",2006,NA,NA
"408",NA,"BIH",2007,NA,NA
"409",NA,"BIH",2008,NA,NA
"410",NA,"BIH",2009,NA,NA
"411",NA,"BIH",2010,NA,NA
"412",NA,"BIH",2011,NA,NA
"413",NA,"BIH",2012,NA,NA
"414",NA,"BIH",2013,NA,NA
"415",NA,"BIH",2014,NA,NA
"416",NA,"BIH",2015,NA,NA
"417",NA,"BIH",2016,NA,NA
"418",NA,"BIH",2017,NA,NA
"419",NA,"BIH",2018,NA,NA
"420",NA,"BIH",2019,NA,NA
"421",NA,"BWA",2000,NA,NA
"422",NA,"BWA",2001,NA,NA
"423",NA,"BWA",2002,NA,NA
"424",NA,"BWA",2003,NA,NA
"425",NA,"BWA",2004,NA,NA
"426",NA,"BWA",2005,NA,NA
"427",NA,"BWA",2006,NA,NA
"428",NA,"BWA",2007,NA,NA
"429",NA,"BWA",2008,NA,NA
"430",NA,"BWA",2009,NA,NA
"431",NA,"BWA",2010,NA,NA
"432",NA,"BWA",2011,NA,NA
"433",NA,"BWA",2012,NA,NA
"434",NA,"BWA",2013,NA,NA
"435",NA,"BWA",2014,NA,NA
"436",NA,"BWA",2015,NA,NA
"437",NA,"BWA",2016,NA,NA
"438",NA,"BWA",2017,NA,NA
"439",NA,"BWA",2018,NA,NA
"440",NA,"BWA",2019,NA,NA
"441",4601,"BRA",2000,6,1
"442",4601,"BRA",2001,2,1
"443",448,"BRA",2002,0,0
"444",4601,"BRA",2003,3,1
"445",4601,"BRA",2004,31,1
"446",448,"BRA",2005,2,1
"447",4601,"BRA",2006,8,1
"448",448,"BRA",2007,3,1
"449",448,"BRA",2008,7,1
"450",11897,"BRA",2009,0,0
"451",11897,"BRA",2010,4,1
"452",11934,"BRA",2011,26,1
"453",4601,"BRA",2012,6,1
"454",11934,"BRA",2013,4,1
"455",11934,"BRA",2014,1,1
"456",14224,"BRA",2015,1,1
"457",11934,"BRA",2016,2,1
"458",13971,"BRA",2017,56,1
"459",11934,"BRA",2018,2,1
"460",NA,"BRA",2019,NA,NA
"461",NA,"BRN",2000,NA,NA
"462",NA,"BRN",2001,NA,NA
"463",NA,"BRN",2002,NA,NA
"464",NA,"BRN",2003,NA,NA
"465",NA,"BRN",2004,NA,NA
"466",NA,"BRN",2005,NA,NA
"467",NA,"BRN",2006,NA,NA
"468",NA,"BRN",2007,NA,NA
"469",NA,"BRN",2008,NA,NA
"470",NA,"BRN",2009,NA,NA
"471",NA,"BRN",2010,NA,NA
"472",NA,"BRN",2011,NA,NA
"473",NA,"BRN",2012,NA,NA
"474",NA,"BRN",2013,NA,NA
"475",NA,"BRN",2014,NA,NA
"476",NA,"BRN",2015,NA,NA
"477",NA,"BRN",2016,NA,NA
"478",NA,"BRN",2017,NA,NA
"479",NA,"BRN",2018,NA,NA
"480",NA,"BRN",2019,NA,NA
"481",NA,"BGR",2000,NA,NA
"482",NA,"BGR",2001,NA,NA
"483",NA,"BGR",2002,NA,NA
"484",NA,"BGR",2003,NA,NA
"485",NA,"BGR",2004,NA,NA
"486",NA,"BGR",2005,NA,NA
"487",NA,"BGR",2006,NA,NA
"488",NA,"BGR",2007,NA,NA
"489",NA,"BGR",2008,NA,NA
"490",NA,"BGR",2009,NA,NA
"491",NA,"BGR",2010,NA,NA
"492",NA,"BGR",2011,NA,NA
"493",NA,"BGR",2012,NA,NA
"494",NA,"BGR",2013,NA,NA
"495",NA,"BGR",2014,NA,NA
"496",NA,"BGR",2015,NA,NA
"497",NA,"BGR",2016,NA,NA
"498",NA,"BGR",2017,NA,NA
"499",NA,"BGR",2018,NA,NA
"500",NA,"BGR",2019,NA,NA
"501",NA,"BFA",2000,NA,NA
"502",NA,"BFA",2001,NA,NA
"503",NA,"BFA",2002,NA,NA
"504",NA,"BFA",2003,NA,NA
"505",NA,"BFA",2004,NA,NA
"506",NA,"BFA",2005,NA,NA
"507",NA,"BFA",2006,NA,NA
"508",NA,"BFA",2007,NA,NA
"509",NA,"BFA",2008,NA,NA
"510",NA,"BFA",2009,NA,NA
"511",NA,"BFA",2010,NA,NA
"512",NA,"BFA",2011,NA,NA
"513",NA,"BFA",2012,NA,NA
"514",NA,"BFA",2013,NA,NA
"515",NA,"BFA",2014,NA,NA
"516",NA,"BFA",2015,NA,NA
"517",573,"BFA",2016,25,1
"518",506,"BFA",2017,1,1
"519",506,"BFA",2018,1,1
"520",NA,"BFA",2019,NA,NA
"521",287,"BDI",2000,18,1
"522",287,"BDI",2001,2,1
"523",287,"BDI",2002,4,1
"524",287,"BDI",2003,10,1
"525",287,"BDI",2004,1,1
"526",287,"BDI",2005,19,1
"527",287,"BDI",2006,49,1
"528",287,"BDI",2007,2,1
"529",287,"BDI",2008,5,1
"530",NA,"BDI",2009,NA,NA
"531",NA,"BDI",2010,NA,NA
"532",471,"BDI",2011,1,1
"533",287,"BDI",2012,9,1
"534",471,"BDI",2013,9,1
"535",287,"BDI",2014,5,1
"536",471,"BDI",2015,1,1
"537",471,"BDI",2016,1,1
"538",471,"BDI",2017,0,0
"539",471,"BDI",2018,1,1
"540",NA,"BDI",2019,NA,NA
"541",732,"KHM",2000,1,1
"542",NA,"KHM",2001,NA,NA
"543",NA,"KHM",2002,NA,NA
"544",732,"KHM",2003,1,1
"545",NA,"KHM",2004,NA,NA
"546",NA,"KHM",2005,NA,NA
"547",NA,"KHM",2006,NA,NA
"548",732,"KHM",2007,2,1
"549",294,"KHM",2008,2,1
"550",294,"KHM",2009,2,1
"551",NA,"KHM",2010,NA,NA
"552",294,"KHM",2011,0,0
"553",732,"KHM",2012,1,1
"554",NA,"KHM",2013,NA,NA
"555",NA,"KHM",2014,NA,NA
"556",NA,"KHM",2015,NA,NA
"557",NA,"KHM",2016,NA,NA
"558",NA,"KHM",2017,NA,NA
"559",NA,"KHM",2018,NA,NA
"560",NA,"KHM",2019,NA,NA
"561",462,"CMR",2000,0,0
"562",462,"CMR",2001,0,0
"563",NA,"CMR",2002,NA,NA
"564",NA,"CMR",2003,NA,NA
"565",462,"CMR",2004,0,0
"566",405,"CMR",2005,0,0
"567",NA,"CMR",2006,NA,NA
"568",NA,"CMR",2007,NA,NA
"569",462,"CMR",2008,0,0
"570",462,"CMR",2009,0,0
"571",NA,"CMR",2010,NA,NA
"572",NA,"CMR",2011,NA,NA
"573",NA,"CMR",2012,NA,NA
"574",1850,"CMR",2013,1,1
"575",297,"CMR",2014,2,1
"576",462,"CMR",2015,30,1
"577",462,"CMR",2016,2,1
"578",462,"CMR",2017,11,1
"579",462,"CMR",2018,2,1
"580",NA,"CMR",2019,NA,NA
"581",4726,"CAN",2000,7,1
"582",4726,"CAN",2001,1,1
"583",NA,"CAN",2002,NA,NA
"584",NA,"CAN",2003,NA,NA
"585",NA,"CAN",2004,NA,NA
"586",NA,"CAN",2005,NA,NA
"587",NA,"CAN",2006,NA,NA
"588",NA,"CAN",2007,NA,NA
"589",NA,"CAN",2008,NA,NA
"590",NA,"CAN",2009,NA,NA
"591",NA,"CAN",2010,NA,NA
"592",NA,"CAN",2011,NA,NA
"593",NA,"CAN",2012,NA,NA
"594",NA,"CAN",2013,NA,NA
"595",NA,"CAN",2014,NA,NA
"596",NA,"CAN",2015,NA,NA
"597",NA,"CAN",2016,NA,NA
"598",NA,"CAN",2017,NA,NA
"599",NA,"CAN",2018,NA,NA
"600",NA,"CAN",2019,NA,NA
"601",NA,"CPV",2000,NA,NA
"602",NA,"CPV",2001,NA,NA
"603",NA,"CPV",2002,NA,NA
"604",NA,"CPV",2003,NA,NA
"605",NA,"CPV",2004,NA,NA
"606",NA,"CPV",2005,NA,NA
"607",NA,"CPV",2006,NA,NA
"608",NA,"CPV",2007,NA,NA
"609",NA,"CPV",2008,NA,NA
"610",NA,"CPV",2009,NA,NA
"611",NA,"CPV",2010,NA,NA
"612",NA,"CPV",2011,NA,NA
"613",NA,"CPV",2012,NA,NA
"614",NA,"CPV",2013,NA,NA
"615",NA,"CPV",2014,NA,NA
"616",NA,"CPV",2015,NA,NA
"617",NA,"CPV",2016,NA,NA
"618",NA,"CPV",2017,NA,NA
"619",NA,"CPV",2018,NA,NA
"620",NA,"CPV",2019,NA,NA
"621",464,"CAF",2000,6,1
"622",416,"CAF",2001,0,0
"623",416,"CAF",2002,5,1
"624",416,"CAF",2003,13,1
"625",464,"CAF",2004,2,1
"626",464,"CAF",2005,1,1
"627",416,"CAF",2006,15,1
"628",416,"CAF",2007,2,1
"629",464,"CAF",2008,1,1
"630",314,"CAF",2009,3,1
"631",314,"CAF",2010,3,1
"632",314,"CAF",2011,4,1
"633",314,"CAF",2012,4,1
"634",314,"CAF",2013,2,1
"635",314,"CAF",2014,3,1
"636",314,"CAF",2015,5,1
"637",464,"CAF",2016,1,1
"638",314,"CAF",2017,2,1
"639",559,"CAF",2018,1,1
"640",NA,"CAF",2019,NA,NA
"641",288,"TCD",2000,4,1
"642",288,"TCD",2001,126,1
"643",288,"TCD",2002,5,1
"644",288,"TCD",2003,0,0
"645",386,"TCD",2004,4,1
"646",288,"TCD",2005,100,1
"647",288,"TCD",2006,197,1
"648",288,"TCD",2007,2,1
"649",288,"TCD",2008,540,1
"650",288,"TCD",2009,1,1
"651",288,"TCD",2010,4,1
"652",NA,"TCD",2011,NA,NA
"653",NA,"TCD",2012,NA,NA
"654",NA,"TCD",2013,NA,NA
"655",1850,"TCD",2014,6,1
"656",297,"TCD",2015,3,1
"657",465,"TCD",2016,1,1
"658",506,"TCD",2017,3,1
"659",1850,"TCD",2018,18,1
"660",NA,"TCD",2019,NA,NA
"661",NA,"CHL",2000,NA,NA
"662",NA,"CHL",2001,NA,NA
"663",NA,"CHL",2002,NA,NA
"664",NA,"CHL",2003,NA,NA
"665",NA,"CHL",2004,NA,NA
"666",NA,"CHL",2005,NA,NA
"667",NA,"CHL",2006,NA,NA
"668",NA,"CHL",2007,NA,NA
"669",NA,"CHL",2008,NA,NA
"670",NA,"CHL",2009,NA,NA
"671",NA,"CHL",2010,NA,NA
"672",NA,"CHL",2011,NA,NA
"673",NA,"CHL",2012,NA,NA
"674",NA,"CHL",2013,NA,NA
"675",NA,"CHL",2014,NA,NA
"676",NA,"CHL",2015,NA,NA
"677",NA,"CHL",2016,NA,NA
"678",NA,"CHL",2017,NA,NA
"679",NA,"CHL",2018,NA,NA
"680",NA,"CHL",2019,NA,NA
"681",NA,"CHN",2000,NA,NA
"682",NA,"CHN",2001,NA,NA
"683",NA,"CHN",2002,NA,NA
"684",NA,"CHN",2003,NA,NA
"685",NA,"CHN",2004,NA,NA
"686",486,"CHN",2005,2,1
"687",NA,"CHN",2006,NA,NA
"688",11349,"CHN",2007,0,0
"689",486,"CHN",2008,1,1
"690",439,"CHN",2009,1,1
"691",NA,"CHN",2010,NA,NA
"692",NA,"CHN",2011,NA,NA
"693",NA,"CHN",2012,NA,NA
"694",NA,"CHN",2013,NA,NA
"695",NA,"CHN",2014,NA,NA
"696",439,"CHN",2015,5,1
"697",NA,"CHN",2016,NA,NA
"698",11349,"CHN",2017,3,1
"699",NA,"CHN",2018,NA,NA
"700",NA,"CHN",2019,NA,NA
"701",289,"COL",2000,1,1
"702",289,"COL",2001,2,1
"703",289,"COL",2002,13,1
"704",289,"COL",2003,8,1
"705",289,"COL",2004,5,1
"706",289,"COL",2005,1,1
"707",289,"COL",2006,15,1
"708",289,"COL",2007,2,1
"709",289,"COL",2008,1,1
"710",289,"COL",2009,22,1
"711",289,"COL",2010,25,1
"712",289,"COL",2011,1,1
"713",289,"COL",2012,0,0
"714",289,"COL",2013,0,0
"715",289,"COL",2014,1,1
"716",289,"COL",2015,4,1
"717",289,"COL",2016,1,1
"718",289,"COL",2017,1,1
"719",289,"COL",2018,1,1
"720",NA,"COL",2019,NA,NA
"721",NA,"COM",2000,NA,NA
"722",NA,"COM",2001,NA,NA
"723",NA,"COM",2002,NA,NA
"724",NA,"COM",2003,NA,NA
"725",NA,"COM",2004,NA,NA
"726",NA,"COM",2005,NA,NA
"727",NA,"COM",2006,NA,NA
"728",NA,"COM",2007,NA,NA
"729",NA,"COM",2008,NA,NA
"730",NA,"COM",2009,NA,NA
"731",NA,"COM",2010,NA,NA
"732",NA,"COM",2011,NA,NA
"733",NA,"COM",2012,NA,NA
"734",NA,"COM",2013,NA,NA
"735",NA,"COM",2014,NA,NA
"736",NA,"COM",2015,NA,NA
"737",NA,"COM",2016,NA,NA
"738",NA,"COM",2017,NA,NA
"739",NA,"COM",2018,NA,NA
"740",NA,"COM",2019,NA,NA
"741",NA,"COG",2000,NA,NA
"742",408,"COG",2001,3,1
"743",408,"COG",2002,3,1
"744",408,"COG",2003,2,1
"745",NA,"COG",2004,NA,NA
"746",408,"COG",2005,2,1
"747",NA,"COG",2006,NA,NA
"748",408,"COG",2007,2,1
"749",387,"COG",2008,1,1
"750",NA,"COG",2009,NA,NA
"751",NA,"COG",2010,NA,NA
"752",387,"COG",2011,1,1
"753",387,"COG",2012,1,1
"754",NA,"COG",2013,NA,NA
"755",NA,"COG",2014,NA,NA
"756",387,"COG",2015,0,0
"757",408,"COG",2016,17,1
"758",408,"COG",2017,15,1
"759",NA,"COG",2018,NA,NA
"760",NA,"COG",2019,NA,NA
"761",NA,"CRI",2000,NA,NA
"762",NA,"CRI",2001,NA,NA
"763",NA,"CRI",2002,NA,NA
"764",NA,"CRI",2003,NA,NA
"765",NA,"CRI",2004,NA,NA
"766",NA,"CRI",2005,NA,NA
"767",NA,"CRI",2006,NA,NA
"768",NA,"CRI",2007,NA,NA
"769",NA,"CRI",2008,NA,NA
"770",NA,"CRI",2009,NA,NA
"771",NA,"CRI",2010,NA,NA
"772",NA,"CRI",2011,NA,NA
"773",NA,"CRI",2012,NA,NA
"774",NA,"CRI",2013,NA,NA
"775",NA,"CRI",2014,NA,NA
"776",NA,"CRI",2015,NA,NA
"777",NA,"CRI",2016,NA,NA
"778",NA,"CRI",2017,NA,NA
"779",NA,"CRI",2018,NA,NA
"780",NA,"CRI",2019,NA,NA
"781",457,"CIV",2000,1,1
"782",4950,"CIV",2001,2,1
"783",419,"CIV",2002,8,1
"784",419,"CIV",2003,4,1
"785",419,"CIV",2004,20,1
"786",457,"CIV",2005,0,0
"787",457,"CIV",2006,3,1
"788",457,"CIV",2007,1,1
"789",457,"CIV",2008,1,1
"790",457,"CIV",2009,1,1
"791",419,"CIV",2010,2,1
"792",419,"CIV",2011,12,1
"793",457,"CIV",2012,1,1
"794",457,"CIV",2013,0,0
"795",NA,"CIV",2014,NA,NA
"796",NA,"CIV",2015,NA,NA
"797",573,"CIV",2016,16,1
"798",NA,"CIV",2017,NA,NA
"799",NA,"CIV",2018,NA,NA
"800",NA,"CIV",2019,NA,NA
"801",NA,"HRV",2000,NA,NA
"802",NA,"HRV",2001,NA,NA
"803",NA,"HRV",2002,NA,NA
"804",NA,"HRV",2003,NA,NA
"805",NA,"HRV",2004,NA,NA
"806",NA,"HRV",2005,NA,NA
"807",NA,"HRV",2006,NA,NA
"808",NA,"HRV",2007,NA,NA
"809",NA,"HRV",2008,NA,NA
"810",NA,"HRV",2009,NA,NA
"811",NA,"HRV",2010,NA,NA
"812",NA,"HRV",2011,NA,NA
"813",NA,"HRV",2012,NA,NA
"814",NA,"HRV",2013,NA,NA
"815",NA,"HRV",2014,NA,NA
"816",NA,"HRV",2015,NA,NA
"817",NA,"HRV",2016,NA,NA
"818",NA,"HRV",2017,NA,NA
"819",NA,"HRV",2018,NA,NA
"820",NA,"HRV",2019,NA,NA
"821",NA,"CUB",2000,NA,NA
"822",NA,"CUB",2001,NA,NA
"823",NA,"CUB",2002,NA,NA
"824",NA,"CUB",2003,NA,NA
"825",NA,"CUB",2004,NA,NA
"826",NA,"CUB",2005,NA,NA
"827",NA,"CUB",2006,NA,NA
"828",NA,"CUB",2007,NA,NA
"829",NA,"CUB",2008,NA,NA
"830",NA,"CUB",2009,NA,NA
"831",NA,"CUB",2010,NA,NA
"832",NA,"CUB",2011,NA,NA
"833",NA,"CUB",2012,NA,NA
"834",NA,"CUB",2013,NA,NA
"835",NA,"CUB",2014,NA,NA
"836",NA,"CUB",2015,NA,NA
"837",NA,"CUB",2016,NA,NA
"838",NA,"CUB",2017,NA,NA
"839",NA,"CUB",2018,NA,NA
"840",NA,"CUB",2019,NA,NA
"841",NA,"CYP",2000,NA,NA
"842",NA,"CYP",2001,NA,NA
"843",NA,"CYP",2002,NA,NA
"844",NA,"CYP",2003,NA,NA
"845",NA,"CYP",2004,NA,NA
"846",NA,"CYP",2005,NA,NA
"847",NA,"CYP",2006,NA,NA
"848",NA,"CYP",2007,NA,NA
"849",NA,"CYP",2008,NA,NA
"850",NA,"CYP",2009,NA,NA
"851",NA,"CYP",2010,NA,NA
"852",NA,"CYP",2011,NA,NA
"853",NA,"CYP",2012,NA,NA
"854",NA,"CYP",2013,NA,NA
"855",NA,"CYP",2014,NA,NA
"856",NA,"CYP",2015,NA,NA
"857",NA,"CYP",2016,NA,NA
"858",NA,"CYP",2017,NA,NA
"859",NA,"CYP",2018,NA,NA
"860",NA,"CYP",2019,NA,NA
"861",NA,"CZE",2000,NA,NA
"862",NA,"CZE",2001,NA,NA
"863",NA,"CZE",2002,NA,NA
"864",NA,"CZE",2003,NA,NA
"865",NA,"CZE",2004,NA,NA
"866",NA,"CZE",2005,NA,NA
"867",NA,"CZE",2006,NA,NA
"868",NA,"CZE",2007,NA,NA
"869",NA,"CZE",2008,NA,NA
"870",NA,"CZE",2009,NA,NA
"871",NA,"CZE",2010,NA,NA
"872",NA,"CZE",2011,NA,NA
"873",NA,"CZE",2012,NA,NA
"874",NA,"CZE",2013,NA,NA
"875",NA,"CZE",2014,NA,NA
"876",NA,"CZE",2015,NA,NA
"877",NA,"CZE",2016,NA,NA
"878",NA,"CZE",2017,NA,NA
"879",NA,"CZE",2018,NA,NA
"880",NA,"CZE",2019,NA,NA
"881",283,"COD",2000,150,1
"882",283,"COD",2001,0,0
"883",287,"COD",2002,3,1
"884",548,"COD",2003,0,0
"885",467,"COD",2004,1,1
"886",467,"COD",2005,9,1
"887",283,"COD",2006,8,1
"888",283,"COD",2007,4,1
"889",283,"COD",2008,1,1
"890",314,"COD",2009,10,1
"891",314,"COD",2010,1,1
"892",314,"COD",2011,1,1
"893",314,"COD",2012,2,1
"894",314,"COD",2013,1,1
"895",314,"COD",2014,2,1
"896",314,"COD",2015,3,1
"897",314,"COD",2016,3,1
"898",314,"COD",2017,4,1
"899",314,"COD",2018,2,1
"900",NA,"COD",2019,NA,NA
"901",NA,"DNK",2000,NA,NA
"902",NA,"DNK",2001,NA,NA
"903",NA,"DNK",2002,NA,NA
"904",NA,"DNK",2003,NA,NA
"905",NA,"DNK",2004,NA,NA
"906",NA,"DNK",2005,NA,NA
"907",NA,"DNK",2006,NA,NA
"908",NA,"DNK",2007,NA,NA
"909",NA,"DNK",2008,NA,NA
"910",NA,"DNK",2009,NA,NA
"911",NA,"DNK",2010,NA,NA
"912",NA,"DNK",2011,NA,NA
"913",NA,"DNK",2012,NA,NA
"914",NA,"DNK",2013,NA,NA
"915",NA,"DNK",2014,NA,NA
"916",NA,"DNK",2015,NA,NA
"917",NA,"DNK",2016,NA,NA
"918",NA,"DNK",2017,NA,NA
"919",NA,"DNK",2018,NA,NA
"920",NA,"DNK",2019,NA,NA
"921",NA,"DJI",2000,NA,NA
"922",NA,"DJI",2001,NA,NA
"923",NA,"DJI",2002,NA,NA
"924",NA,"DJI",2003,NA,NA
"925",NA,"DJI",2004,NA,NA
"926",NA,"DJI",2005,NA,NA
"927",NA,"DJI",2006,NA,NA
"928",NA,"DJI",2007,NA,NA
"929",435,"DJI",2008,2,1
"930",NA,"DJI",2009,NA,NA
"931",NA,"DJI",2010,NA,NA
"932",NA,"DJI",2011,NA,NA
"933",NA,"DJI",2012,NA,NA
"934",NA,"DJI",2013,NA,NA
"935",604,"DJI",2014,1,1
"936",NA,"DJI",2015,NA,NA
"937",NA,"DJI",2016,NA,NA
"938",NA,"DJI",2017,NA,NA
"939",4683,"DJI",2018,6,1
"940",NA,"DJI",2019,NA,NA
"941",NA,"DMA",2000,NA,NA
"942",NA,"DMA",2001,NA,NA
"943",NA,"DMA",2002,NA,NA
"944",NA,"DMA",2003,NA,NA
"945",NA,"DMA",2004,NA,NA
"946",NA,"DMA",2005,NA,NA
"947",NA,"DMA",2006,NA,NA
"948",NA,"DMA",2007,NA,NA
"949",NA,"DMA",2008,NA,NA
"950",NA,"DMA",2009,NA,NA
"951",NA,"DMA",2010,NA,NA
"952",NA,"DMA",2011,NA,NA
"953",NA,"DMA",2012,NA,NA
"954",NA,"DMA",2013,NA,NA
"955",NA,"DMA",2014,NA,NA
"956",NA,"DMA",2015,NA,NA
"957",NA,"DMA",2016,NA,NA
"958",NA,"DMA",2017,NA,NA
"959",NA,"DMA",2018,NA,NA
"960",NA,"DMA",2019,NA,NA
"961",NA,"DOM",2000,NA,NA
"962",NA,"DOM",2001,NA,NA
"963",NA,"DOM",2002,NA,NA
"964",NA,"DOM",2003,NA,NA
"965",NA,"DOM",2004,NA,NA
"966",NA,"DOM",2005,NA,NA
"967",NA,"DOM",2006,NA,NA
"968",NA,"DOM",2007,NA,NA
"969",NA,"DOM",2008,NA,NA
"970",NA,"DOM",2009,NA,NA
"971",NA,"DOM",2010,NA,NA
"972",NA,"DOM",2011,NA,NA
"973",NA,"DOM",2012,NA,NA
"974",NA,"DOM",2013,NA,NA
"975",NA,"DOM",2014,NA,NA
"976",NA,"DOM",2015,NA,NA
"977",NA,"DOM",2016,NA,NA
"978",NA,"DOM",2017,NA,NA
"979",NA,"DOM",2018,NA,NA
"980",NA,"DOM",2019,NA,NA
"981",NA,"ECU",2000,NA,NA
"982",4586,"ECU",2001,2,1
"983",NA,"ECU",2002,NA,NA
"984",4641,"ECU",2003,26,1
"985",NA,"ECU",2004,NA,NA
"986",NA,"ECU",2005,NA,NA
"987",NA,"ECU",2006,NA,NA
"988",NA,"ECU",2007,NA,NA
"989",289,"ECU",2008,25,1
"990",NA,"ECU",2009,NA,NA
"991",NA,"ECU",2010,NA,NA
"992",NA,"ECU",2011,NA,NA
"993",NA,"ECU",2012,NA,NA
"994",NA,"ECU",2013,NA,NA
"995",NA,"ECU",2014,NA,NA
"996",NA,"ECU",2015,NA,NA
"997",NA,"ECU",2016,NA,NA
"998",NA,"ECU",2017,NA,NA
"999",NA,"ECU",2018,NA,NA
"1000",NA,"ECU",2019,NA,NA
"1001",391,"EGY",2000,2,1
"1002",NA,"EGY",2001,NA,NA
"1003",NA,"EGY",2002,NA,NA
"1004",NA,"EGY",2003,NA,NA
"1005",544,"EGY",2004,2,1
"1006",482,"EGY",2005,1,1
"1007",4960,"EGY",2006,1,1
"1008",NA,"EGY",2007,NA,NA
"1009",4960,"EGY",2008,1,1
"1010",4960,"EGY",2009,1,1
"1011",234,"EGY",2010,1,1
"1012",4960,"EGY",2011,2,1
"1013",4994,"EGY",2012,74,1
"1014",482,"EGY",2013,5,1
"1015",4960,"EGY",2014,1,1
"1016",506,"EGY",2015,224,1
"1017",506,"EGY",2016,0,0
"1018",506,"EGY",2017,1,1
"1019",482,"EGY",2018,2,1
"1020",NA,"EGY",2019,NA,NA
"1021",NA,"SLV",2000,NA,NA
"1022",NA,"SLV",2001,NA,NA
"1023",NA,"SLV",2002,NA,NA
"1024",NA,"SLV",2003,NA,NA
"1025",NA,"SLV",2004,NA,NA
"1026",NA,"SLV",2005,NA,NA
"1027",NA,"SLV",2006,NA,NA
"1028",NA,"SLV",2007,NA,NA
"1029",NA,"SLV",2008,NA,NA
"1030",NA,"SLV",2009,NA,NA
"1031",NA,"SLV",2010,NA,NA
"1032",NA,"SLV",2011,NA,NA
"1033",NA,"SLV",2012,NA,NA
"1034",NA,"SLV",2013,NA,NA
"1035",NA,"SLV",2014,NA,NA
"1036",NA,"SLV",2015,NA,NA
"1037",NA,"SLV",2016,NA,NA
"1038",NA,"SLV",2017,NA,NA
"1039",NA,"SLV",2018,NA,NA
"1040",NA,"SLV",2019,NA,NA
"1041",NA,"GNQ",2000,NA,NA
"1042",NA,"GNQ",2001,NA,NA
"1043",NA,"GNQ",2002,NA,NA
"1044",NA,"GNQ",2003,NA,NA
"1045",NA,"GNQ",2004,NA,NA
"1046",NA,"GNQ",2005,NA,NA
"1047",NA,"GNQ",2006,NA,NA
"1048",NA,"GNQ",2007,NA,NA
"1049",NA,"GNQ",2008,NA,NA
"1050",NA,"GNQ",2009,NA,NA
"1051",NA,"GNQ",2010,NA,NA
"1052",NA,"GNQ",2011,NA,NA
"1053",NA,"GNQ",2012,NA,NA
"1054",NA,"GNQ",2013,NA,NA
"1055",NA,"GNQ",2014,NA,NA
"1056",NA,"GNQ",2015,NA,NA
"1057",NA,"GNQ",2016,NA,NA
"1058",NA,"GNQ",2017,NA,NA
"1059",NA,"GNQ",2018,NA,NA
"1060",NA,"GNQ",2019,NA,NA
"1061",409,"ERI",2000,80,1
"1062",NA,"ERI",2001,NA,NA
"1063",NA,"ERI",2002,NA,NA
"1064",326,"ERI",2003,5,1
"1065",NA,"ERI",2004,NA,NA
"1066",NA,"ERI",2005,NA,NA
"1067",NA,"ERI",2006,NA,NA
"1068",NA,"ERI",2007,NA,NA
"1069",699,"ERI",2008,0,0
"1070",NA,"ERI",2009,NA,NA
"1071",NA,"ERI",2010,NA,NA
"1072",NA,"ERI",2011,NA,NA
"1073",NA,"ERI",2012,NA,NA
"1074",NA,"ERI",2013,NA,NA
"1075",NA,"ERI",2014,NA,NA
"1076",NA,"ERI",2015,NA,NA
"1077",409,"ERI",2016,25,1
"1078",NA,"ERI",2017,NA,NA
"1079",NA,"ERI",2018,NA,NA
"1080",NA,"ERI",2019,NA,NA
"1081",NA,"EST",2000,NA,NA
"1082",NA,"EST",2001,NA,NA
"1083",NA,"EST",2002,NA,NA
"1084",NA,"EST",2003,NA,NA
"1085",NA,"EST",2004,NA,NA
"1086",NA,"EST",2005,NA,NA
"1087",NA,"EST",2006,NA,NA
"1088",NA,"EST",2007,NA,NA
"1089",NA,"EST",2008,NA,NA
"1090",NA,"EST",2009,NA,NA
"1091",NA,"EST",2010,NA,NA
"1092",NA,"EST",2011,NA,NA
"1093",NA,"EST",2012,NA,NA
"1094",NA,"EST",2013,NA,NA
"1095",NA,"EST",2014,NA,NA
"1096",NA,"EST",2015,NA,NA
"1097",NA,"EST",2016,NA,NA
"1098",NA,"EST",2017,NA,NA
"1099",NA,"EST",2018,NA,NA
"1100",NA,"EST",2019,NA,NA
"1101",329,"ETH",2000,0,0
"1102",329,"ETH",2001,0,0
"1103",329,"ETH",2002,25,1
"1104",329,"ETH",2003,0,0
"1105",329,"ETH",2004,25,1
"1106",329,"ETH",2005,0,0
"1107",329,"ETH",2006,25,1
"1108",329,"ETH",2007,5,1
"1109",329,"ETH",2008,25,1
"1110",329,"ETH",2009,1,1
"1111",329,"ETH",2010,0,0
"1112",329,"ETH",2011,21,1
"1113",329,"ETH",2012,23,1
"1114",329,"ETH",2013,0,0
"1115",329,"ETH",2014,25,1
"1116",329,"ETH",2015,25,1
"1117",329,"ETH",2016,25,1
"1118",329,"ETH",2017,0,0
"1119",329,"ETH",2018,0,0
"1120",NA,"ETH",2019,NA,NA
"1121",NA,"FSM",2000,NA,NA
"1122",NA,"FSM",2001,NA,NA
"1123",NA,"FSM",2002,NA,NA
"1124",NA,"FSM",2003,NA,NA
"1125",NA,"FSM",2004,NA,NA
"1126",NA,"FSM",2005,NA,NA
"1127",NA,"FSM",2006,NA,NA
"1128",NA,"FSM",2007,NA,NA
"1129",NA,"FSM",2008,NA,NA
"1130",NA,"FSM",2009,NA,NA
"1131",NA,"FSM",2010,NA,NA
"1132",NA,"FSM",2011,NA,NA
"1133",NA,"FSM",2012,NA,NA
"1134",NA,"FSM",2013,NA,NA
"1135",NA,"FSM",2014,NA,NA
"1136",NA,"FSM",2015,NA,NA
"1137",NA,"FSM",2016,NA,NA
"1138",NA,"FSM",2017,NA,NA
"1139",NA,"FSM",2018,NA,NA
"1140",NA,"FSM",2019,NA,NA
"1141",NA,"FJI",2000,NA,NA
"1142",NA,"FJI",2001,NA,NA
"1143",NA,"FJI",2002,NA,NA
"1144",NA,"FJI",2003,NA,NA
"1145",NA,"FJI",2004,NA,NA
"1146",NA,"FJI",2005,NA,NA
"1147",NA,"FJI",2006,NA,NA
"1148",NA,"FJI",2007,NA,NA
"1149",NA,"FJI",2008,NA,NA
"1150",NA,"FJI",2009,NA,NA
"1151",NA,"FJI",2010,NA,NA
"1152",NA,"FJI",2011,NA,NA
"1153",NA,"FJI",2012,NA,NA
"1154",NA,"FJI",2013,NA,NA
"1155",NA,"FJI",2014,NA,NA
"1156",NA,"FJI",2015,NA,NA
"1157",NA,"FJI",2016,NA,NA
"1158",NA,"FJI",2017,NA,NA
"1159",NA,"FJI",2018,NA,NA
"1160",NA,"FJI",2019,NA,NA
"1161",NA,"FIN",2000,NA,NA
"1162",NA,"FIN",2001,NA,NA
"1163",NA,"FIN",2002,NA,NA
"1164",NA,"FIN",2003,NA,NA
"1165",NA,"FIN",2004,NA,NA
"1166",NA,"FIN",2005,NA,NA
"1167",NA,"FIN",2006,NA,NA
"1168",NA,"FIN",2007,NA,NA
"1169",NA,"FIN",2008,NA,NA
"1170",NA,"FIN",2009,NA,NA
"1171",NA,"FIN",2010,NA,NA
"1172",NA,"FIN",2011,NA,NA
"1173",NA,"FIN",2012,NA,NA
"1174",NA,"FIN",2013,NA,NA
"1175",NA,"FIN",2014,NA,NA
"1176",NA,"FIN",2015,NA,NA
"1177",NA,"FIN",2016,NA,NA
"1178",NA,"FIN",2017,NA,NA
"1179",NA,"FIN",2018,NA,NA
"1180",NA,"FIN",2019,NA,NA
"1181",NA,"FRA",2000,NA,NA
"1182",NA,"FRA",2001,NA,NA
"1183",NA,"FRA",2002,NA,NA
"1184",NA,"FRA",2003,NA,NA
"1185",NA,"FRA",2004,NA,NA
"1186",NA,"FRA",2005,NA,NA
"1187",NA,"FRA",2006,NA,NA
"1188",342,"FRA",2007,2,1
"1189",NA,"FRA",2008,NA,NA
"1190",NA,"FRA",2009,NA,NA
"1191",NA,"FRA",2010,NA,NA
"1192",NA,"FRA",2011,NA,NA
"1193",608,"FRA",2012,4,1
"1194",NA,"FRA",2013,NA,NA
"1195",NA,"FRA",2014,NA,NA
"1196",259,"FRA",2015,3,1
"1197",506,"FRA",2016,86,1
"1198",259,"FRA",2017,2,1
"1199",259,"FRA",2018,2,1
"1200",NA,"FRA",2019,NA,NA
"1201",NA,"GAB",2000,NA,NA
"1202",NA,"GAB",2001,NA,NA
"1203",NA,"GAB",2002,NA,NA
"1204",NA,"GAB",2003,NA,NA
"1205",NA,"GAB",2004,NA,NA
"1206",NA,"GAB",2005,NA,NA
"1207",NA,"GAB",2006,NA,NA
"1208",NA,"GAB",2007,NA,NA
"1209",NA,"GAB",2008,NA,NA
"1210",NA,"GAB",2009,NA,NA
"1211",NA,"GAB",2010,NA,NA
"1212",NA,"GAB",2011,NA,NA
"1213",NA,"GAB",2012,NA,NA
"1214",NA,"GAB",2013,NA,NA
"1215",NA,"GAB",2014,NA,NA
"1216",NA,"GAB",2015,NA,NA
"1217",NA,"GAB",2016,NA,NA
"1218",NA,"GAB",2017,NA,NA
"1219",NA,"GAB",2018,NA,NA
"1220",NA,"GAB",2019,NA,NA
"1221",NA,"GEO",2000,NA,NA
"1222",NA,"GEO",2001,NA,NA
"1223",401,"GEO",2002,0,0
"1224",NA,"GEO",2003,NA,NA
"1225",393,"GEO",2004,0,0
"1226",NA,"GEO",2005,NA,NA
"1227",NA,"GEO",2006,NA,NA
"1228",NA,"GEO",2007,NA,NA
"1229",393,"GEO",2008,0,0
"1230",NA,"GEO",2009,NA,NA
"1231",392,"GEO",2010,3,1
"1232",392,"GEO",2011,0,0
"1233",NA,"GEO",2012,NA,NA
"1234",NA,"GEO",2013,NA,NA
"1235",NA,"GEO",2014,NA,NA
"1236",NA,"GEO",2015,NA,NA
"1237",NA,"GEO",2016,NA,NA
"1238",NA,"GEO",2017,NA,NA
"1239",NA,"GEO",2018,NA,NA
"1240",NA,"GEO",2019,NA,NA
"1241",NA,"DEU",2000,NA,NA
"1242",NA,"DEU",2001,NA,NA
"1243",NA,"DEU",2002,NA,NA
"1244",NA,"DEU",2003,NA,NA
"1245",NA,"DEU",2004,NA,NA
"1246",NA,"DEU",2005,NA,NA
"1247",NA,"DEU",2006,NA,NA
"1248",NA,"DEU",2007,NA,NA
"1249",NA,"DEU",2008,NA,NA
"1250",NA,"DEU",2009,NA,NA
"1251",NA,"DEU",2010,NA,NA
"1252",NA,"DEU",2011,NA,NA
"1253",NA,"DEU",2012,NA,NA
"1254",NA,"DEU",2013,NA,NA
"1255",NA,"DEU",2014,NA,NA
"1256",NA,"DEU",2015,NA,NA
"1257",506,"DEU",2016,12,1
"1258",NA,"DEU",2017,NA,NA
"1259",NA,"DEU",2018,NA,NA
"1260",NA,"DEU",2019,NA,NA
"1261",4658,"GHA",2000,30,1
"1262",4658,"GHA",2001,50,1
"1263",4566,"GHA",2002,36,1
"1264",NA,"GHA",2003,NA,NA
"1265",NA,"GHA",2004,NA,NA
"1266",NA,"GHA",2005,NA,NA
"1267",NA,"GHA",2006,NA,NA
"1268",NA,"GHA",2007,NA,NA
"1269",4658,"GHA",2008,5,1
"1270",4658,"GHA",2009,5,1
"1271",4658,"GHA",2010,1,1
"1272",NA,"GHA",2011,NA,NA
"1273",NA,"GHA",2012,NA,NA
"1274",NA,"GHA",2013,NA,NA
"1275",NA,"GHA",2014,NA,NA
"1276",NA,"GHA",2015,NA,NA
"1277",NA,"GHA",2016,NA,NA
"1278",NA,"GHA",2017,NA,NA
"1279",NA,"GHA",2018,NA,NA
"1280",NA,"GHA",2019,NA,NA
"1281",NA,"GRC",2000,NA,NA
"1282",NA,"GRC",2001,NA,NA
"1283",NA,"GRC",2002,NA,NA
"1284",NA,"GRC",2003,NA,NA
"1285",NA,"GRC",2004,NA,NA
"1286",NA,"GRC",2005,NA,NA
"1287",NA,"GRC",2006,NA,NA
"1288",NA,"GRC",2007,NA,NA
"1289",NA,"GRC",2008,NA,NA
"1290",NA,"GRC",2009,NA,NA
"1291",NA,"GRC",2010,NA,NA
"1292",NA,"GRC",2011,NA,NA
"1293",NA,"GRC",2012,NA,NA
"1294",NA,"GRC",2013,NA,NA
"1295",NA,"GRC",2014,NA,NA
"1296",NA,"GRC",2015,NA,NA
"1297",NA,"GRC",2016,NA,NA
"1298",NA,"GRC",2017,NA,NA
"1299",NA,"GRC",2018,NA,NA
"1300",NA,"GRC",2019,NA,NA
"1301",NA,"GRD",2000,NA,NA
"1302",NA,"GRD",2001,NA,NA
"1303",NA,"GRD",2002,NA,NA
"1304",NA,"GRD",2003,NA,NA
"1305",NA,"GRD",2004,NA,NA
"1306",NA,"GRD",2005,NA,NA
"1307",NA,"GRD",2006,NA,NA
"1308",NA,"GRD",2007,NA,NA
"1309",NA,"GRD",2008,NA,NA
"1310",NA,"GRD",2009,NA,NA
"1311",NA,"GRD",2010,NA,NA
"1312",NA,"GRD",2011,NA,NA
"1313",NA,"GRD",2012,NA,NA
"1314",NA,"GRD",2013,NA,NA
"1315",NA,"GRD",2014,NA,NA
"1316",NA,"GRD",2015,NA,NA
"1317",NA,"GRD",2016,NA,NA
"1318",NA,"GRD",2017,NA,NA
"1319",NA,"GRD",2018,NA,NA
"1320",NA,"GRD",2019,NA,NA
"1321",NA,"GTM",2000,NA,NA
"1322",4668,"GTM",2001,5,1
"1323",445,"GTM",2002,2,1
"1324",NA,"GTM",2003,NA,NA
"1325",445,"GTM",2004,0,0
"1326",445,"GTM",2005,2,1
"1327",NA,"GTM",2006,NA,NA
"1328",445,"GTM",2007,5,1
"1329",4668,"GTM",2008,7,1
"1330",4668,"GTM",2009,1,1
"1331",NA,"GTM",2010,NA,NA
"1332",629,"GTM",2011,0,0
"1333",NA,"GTM",2012,NA,NA
"1334",NA,"GTM",2013,NA,NA
"1335",NA,"GTM",2014,NA,NA
"1336",4668,"GTM",2015,1,1
"1337",NA,"GTM",2016,NA,NA
"1338",NA,"GTM",2017,NA,NA
"1339",NA,"GTM",2018,NA,NA
"1340",NA,"GTM",2019,NA,NA
"1341",307,"GIN",2000,2,1
"1342",307,"GIN",2001,85,1
"1343",NA,"GIN",2002,NA,NA
"1344",NA,"GIN",2003,NA,NA
"1345",NA,"GIN",2004,NA,NA
"1346",458,"GIN",2005,3,1
"1347",458,"GIN",2006,1,1
"1348",458,"GIN",2007,1,1
"1349",NA,"GIN",2008,NA,NA
"1350",458,"GIN",2009,157,1
"1351",458,"GIN",2010,1,1
"1352",4966,"GIN",2011,25,1
"1353",458,"GIN",2012,1,1
"1354",9637,"GIN",2013,2,1
"1355",NA,"GIN",2014,NA,NA
"1356",458,"GIN",2015,3,1
"1357",NA,"GIN",2016,NA,NA
"1358",NA,"GIN",2017,NA,NA
"1359",NA,"GIN",2018,NA,NA
"1360",NA,"GIN",2019,NA,NA
"1361",375,"GNB",2000,0,0
"1362",NA,"GNB",2001,NA,NA
"1363",NA,"GNB",2002,NA,NA
"1364",NA,"GNB",2003,NA,NA
"1365",NA,"GNB",2004,NA,NA
"1366",NA,"GNB",2005,NA,NA
"1367",NA,"GNB",2006,NA,NA
"1368",NA,"GNB",2007,NA,NA
"1369",NA,"GNB",2008,NA,NA
"1370",NA,"GNB",2009,NA,NA
"1371",NA,"GNB",2010,NA,NA
"1372",NA,"GNB",2011,NA,NA
"1373",NA,"GNB",2012,NA,NA
"1374",NA,"GNB",2013,NA,NA
"1375",NA,"GNB",2014,NA,NA
"1376",NA,"GNB",2015,NA,NA
"1377",NA,"GNB",2016,NA,NA
"1378",NA,"GNB",2017,NA,NA
"1379",NA,"GNB",2018,NA,NA
"1380",NA,"GNB",2019,NA,NA
"1381",NA,"GUY",2000,NA,NA
"1382",NA,"GUY",2001,NA,NA
"1383",NA,"GUY",2002,NA,NA
"1384",NA,"GUY",2003,NA,NA
"1385",NA,"GUY",2004,NA,NA
"1386",NA,"GUY",2005,NA,NA
"1387",NA,"GUY",2006,NA,NA
"1388",NA,"GUY",2007,NA,NA
"1389",622,"GUY",2008,12,1
"1390",NA,"GUY",2009,NA,NA
"1391",NA,"GUY",2010,NA,NA
"1392",NA,"GUY",2011,NA,NA
"1393",NA,"GUY",2012,NA,NA
"1394",NA,"GUY",2013,NA,NA
"1395",NA,"GUY",2014,NA,NA
"1396",NA,"GUY",2015,NA,NA
"1397",NA,"GUY",2016,NA,NA
"1398",NA,"GUY",2017,NA,NA
"1399",NA,"GUY",2018,NA,NA
"1400",NA,"GUY",2019,NA,NA
"1401",NA,"HTI",2000,NA,NA
"1402",NA,"HTI",2001,NA,NA
"1403",NA,"HTI",2002,NA,NA
"1404",NA,"HTI",2003,NA,NA
"1405",381,"HTI",2004,1,1
"1406",444,"HTI",2005,4,1
"1407",NA,"HTI",2006,NA,NA
"1408",NA,"HTI",2007,NA,NA
"1409",NA,"HTI",2008,NA,NA
"1410",NA,"HTI",2009,NA,NA
"1411",NA,"HTI",2010,NA,NA
"1412",NA,"HTI",2011,NA,NA
"1413",NA,"HTI",2012,NA,NA
"1414",NA,"HTI",2013,NA,NA
"1415",NA,"HTI",2014,NA,NA
"1416",NA,"HTI",2015,NA,NA
"1417",NA,"HTI",2016,NA,NA
"1418",444,"HTI",2017,8,1
"1419",444,"HTI",2018,71,1
"1420",NA,"HTI",2019,NA,NA
"1421",4941,"HND",2000,6,1
"1422",NA,"HND",2001,NA,NA
"1423",4941,"HND",2002,1,1
"1424",612,"HND",2003,9,1
"1425",612,"HND",2004,0,0
"1426",NA,"HND",2005,NA,NA
"1427",NA,"HND",2006,NA,NA
"1428",NA,"HND",2007,NA,NA
"1429",4941,"HND",2008,18,1
"1430",NA,"HND",2009,NA,NA
"1431",4696,"HND",2010,9,1
"1432",4941,"HND",2011,18,1
"1433",4941,"HND",2012,4,1
"1434",NA,"HND",2013,NA,NA
"1435",4941,"HND",2014,5,1
"1436",NA,"HND",2015,NA,NA
"1437",4941,"HND",2016,2,1
"1438",NA,"HND",2017,NA,NA
"1439",NA,"HND",2018,NA,NA
"1440",NA,"HND",2019,NA,NA
"1441",NA,"HUN",2000,NA,NA
"1442",NA,"HUN",2001,NA,NA
"1443",NA,"HUN",2002,NA,NA
"1444",NA,"HUN",2003,NA,NA
"1445",NA,"HUN",2004,NA,NA
"1446",NA,"HUN",2005,NA,NA
"1447",NA,"HUN",2006,NA,NA
"1448",NA,"HUN",2007,NA,NA
"1449",NA,"HUN",2008,NA,NA
"1450",NA,"HUN",2009,NA,NA
"1451",NA,"HUN",2010,NA,NA
"1452",NA,"HUN",2011,NA,NA
"1453",NA,"HUN",2012,NA,NA
"1454",NA,"HUN",2013,NA,NA
"1455",NA,"HUN",2014,NA,NA
"1456",NA,"HUN",2015,NA,NA
"1457",NA,"HUN",2016,NA,NA
"1458",NA,"HUN",2017,NA,NA
"1459",NA,"HUN",2018,NA,NA
"1460",NA,"HUN",2019,NA,NA
"1461",NA,"ISL",2000,NA,NA
"1462",NA,"ISL",2001,NA,NA
"1463",NA,"ISL",2002,NA,NA
"1464",NA,"ISL",2003,NA,NA
"1465",NA,"ISL",2004,NA,NA
"1466",NA,"ISL",2005,NA,NA
"1467",NA,"ISL",2006,NA,NA
"1468",NA,"ISL",2007,NA,NA
"1469",NA,"ISL",2008,NA,NA
"1470",NA,"ISL",2009,NA,NA
"1471",NA,"ISL",2010,NA,NA
"1472",NA,"ISL",2011,NA,NA
"1473",NA,"ISL",2012,NA,NA
"1474",NA,"ISL",2013,NA,NA
"1475",NA,"ISL",2014,NA,NA
"1476",NA,"ISL",2015,NA,NA
"1477",NA,"ISL",2016,NA,NA
"1478",NA,"ISL",2017,NA,NA
"1479",NA,"ISL",2018,NA,NA
"1480",NA,"ISL",2019,NA,NA
"1481",218,"IND",2000,1,1
"1482",218,"IND",2001,0,0
"1483",218,"IND",2002,4,1
"1484",218,"IND",2003,1,1
"1485",227,"IND",2004,3,1
"1486",227,"IND",2005,0,0
"1487",227,"IND",2006,6,1
"1488",227,"IND",2007,0,0
"1489",218,"IND",2008,1,1
"1490",227,"IND",2009,0,0
"1491",218,"IND",2010,1,1
"1492",218,"IND",2011,1,1
"1493",218,"IND",2012,1,1
"1494",218,"IND",2013,2,1
"1495",218,"IND",2014,0,0
"1496",218,"IND",2015,2,1
"1497",218,"IND",2016,4,1
"1498",218,"IND",2017,1,1
"1499",218,"IND",2018,1,1
"1500",NA,"IND",2019,NA,NA
"1501",291,"IDN",2000,1,1
"1502",291,"IDN",2001,0,0
"1503",366,"IDN",2002,0,0
"1504",366,"IDN",2003,1,1
"1505",366,"IDN",2004,10,1
"1506",366,"IDN",2005,3,1
"1507",291,"IDN",2006,6,1
"1508",493,"IDN",2007,2,1
"1509",366,"IDN",2008,1,1
"1510",NA,"IDN",2009,NA,NA
"1511",NA,"IDN",2010,NA,NA
"1512",493,"IDN",2011,2,1
"1513",493,"IDN",2012,1,1
"1514",291,"IDN",2013,1,1
"1515",291,"IDN",2014,4,1
"1516",493,"IDN",2015,0,0
"1517",NA,"IDN",2016,NA,NA
"1518",291,"IDN",2017,1,1
"1519",291,"IDN",2018,2,1
"1520",NA,"IDN",2019,NA,NA
"1521",338,"IRN",2000,3,1
"1522",338,"IRN",2001,6,1
"1523",NA,"IRN",2002,NA,NA
"1524",338,"IRN",2003,2,1
"1525",NA,"IRN",2004,NA,NA
"1526",338,"IRN",2005,20,1
"1527",338,"IRN",2006,0,0
"1528",338,"IRN",2007,0,0
"1529",338,"IRN",2008,2,1
"1530",338,"IRN",2009,26,1
"1531",338,"IRN",2010,7,1
"1532",338,"IRN",2011,10,1
"1533",338,"IRN",2012,4,1
"1534",338,"IRN",2013,2,1
"1535",338,"IRN",2014,2,1
"1536",338,"IRN",2015,0,0
"1537",205,"IRN",2016,2,1
"1538",205,"IRN",2017,2,1
"1539",205,"IRN",2018,3,1
"1540",NA,"IRN",2019,NA,NA
"1541",338,"IRQ",2000,0,0
"1542",338,"IRQ",2001,2,1
"1543",354,"IRQ",2002,25,1
"1544",259,"IRQ",2003,2,1
"1545",259,"IRQ",2004,5,1
"1546",259,"IRQ",2005,4,1
"1547",259,"IRQ",2006,1,1
"1548",259,"IRQ",2007,2,1
"1549",259,"IRQ",2008,5,1
"1550",259,"IRQ",2009,2,1
"1551",259,"IRQ",2010,7,1
"1552",259,"IRQ",2011,9,1
"1553",259,"IRQ",2012,1,1
"1554",259,"IRQ",2013,0,0
"1555",259,"IRQ",2014,106,1
"1556",259,"IRQ",2015,1,1
"1557",205,"IRQ",2016,1,1
"1558",259,"IRQ",2017,15,1
"1559",205,"IRQ",2018,12,1
"1560",NA,"IRQ",2019,NA,NA
"1561",NA,"IRL",2000,NA,NA
"1562",NA,"IRL",2001,NA,NA
"1563",NA,"IRL",2002,NA,NA
"1564",NA,"IRL",2003,NA,NA
"1565",NA,"IRL",2004,NA,NA
"1566",NA,"IRL",2005,NA,NA
"1567",NA,"IRL",2006,NA,NA
"1568",NA,"IRL",2007,NA,NA
"1569",NA,"IRL",2008,NA,NA
"1570",NA,"IRL",2009,NA,NA
"1571",NA,"IRL",2010,NA,NA
"1572",NA,"IRL",2011,NA,NA
"1573",NA,"IRL",2012,NA,NA
"1574",NA,"IRL",2013,NA,NA
"1575",NA,"IRL",2014,NA,NA
"1576",NA,"IRL",2015,NA,NA
"1577",NA,"IRL",2016,NA,NA
"1578",NA,"IRL",2017,NA,NA
"1579",NA,"IRL",2018,NA,NA
"1580",NA,"IRL",2019,NA,NA
"1581",NA,"ITA",2000,NA,NA
"1582",NA,"ITA",2001,NA,NA
"1583",NA,"ITA",2002,NA,NA
"1584",NA,"ITA",2003,NA,NA
"1585",NA,"ITA",2004,NA,NA
"1586",NA,"ITA",2005,NA,NA
"1587",NA,"ITA",2006,NA,NA
"1588",NA,"ITA",2007,NA,NA
"1589",NA,"ITA",2008,NA,NA
"1590",NA,"ITA",2009,NA,NA
"1591",NA,"ITA",2010,NA,NA
"1592",NA,"ITA",2011,NA,NA
"1593",NA,"ITA",2012,NA,NA
"1594",NA,"ITA",2013,NA,NA
"1595",NA,"ITA",2014,NA,NA
"1596",NA,"ITA",2015,NA,NA
"1597",NA,"ITA",2016,NA,NA
"1598",NA,"ITA",2017,NA,NA
"1599",NA,"ITA",2018,NA,NA
"1600",NA,"ITA",2019,NA,NA
"1601",NA,"JAM",2000,NA,NA
"1602",4760,"JAM",2001,3,1
"1603",4760,"JAM",2002,3,1
"1604",4760,"JAM",2003,7,1
"1605",NA,"JAM",2004,NA,NA
"1606",NA,"JAM",2005,NA,NA
"1607",NA,"JAM",2006,NA,NA
"1608",NA,"JAM",2007,NA,NA
"1609",NA,"JAM",2008,NA,NA
"1610",NA,"JAM",2009,NA,NA
"1611",NA,"JAM",2010,NA,NA
"1612",NA,"JAM",2011,NA,NA
"1613",NA,"JAM",2012,NA,NA
"1614",NA,"JAM",2013,NA,NA
"1615",NA,"JAM",2014,NA,NA
"1616",NA,"JAM",2015,NA,NA
"1617",NA,"JAM",2016,NA,NA
"1618",NA,"JAM",2017,NA,NA
"1619",NA,"JAM",2018,NA,NA
"1620",NA,"JAM",2019,NA,NA
"1621",NA,"JPN",2000,NA,NA
"1622",NA,"JPN",2001,NA,NA
"1623",NA,"JPN",2002,NA,NA
"1624",NA,"JPN",2003,NA,NA
"1625",NA,"JPN",2004,NA,NA
"1626",NA,"JPN",2005,NA,NA
"1627",NA,"JPN",2006,NA,NA
"1628",NA,"JPN",2007,NA,NA
"1629",NA,"JPN",2008,NA,NA
"1630",NA,"JPN",2009,NA,NA
"1631",NA,"JPN",2010,NA,NA
"1632",NA,"JPN",2011,NA,NA
"1633",NA,"JPN",2012,NA,NA
"1634",NA,"JPN",2013,NA,NA
"1635",NA,"JPN",2014,NA,NA
"1636",NA,"JPN",2015,NA,NA
"1637",NA,"JPN",2016,NA,NA
"1638",NA,"JPN",2017,NA,NA
"1639",NA,"JPN",2018,NA,NA
"1640",NA,"JPN",2019,NA,NA
"1641",NA,"JOR",2000,NA,NA
"1642",NA,"JOR",2001,NA,NA
"1643",NA,"JOR",2002,NA,NA
"1644",NA,"JOR",2003,NA,NA
"1645",NA,"JOR",2004,NA,NA
"1646",506,"JOR",2005,59,1
"1647",NA,"JOR",2006,NA,NA
"1648",NA,"JOR",2007,NA,NA
"1649",NA,"JOR",2008,NA,NA
"1650",NA,"JOR",2009,NA,NA
"1651",NA,"JOR",2010,NA,NA
"1652",NA,"JOR",2011,NA,NA
"1653",NA,"JOR",2012,NA,NA
"1654",NA,"JOR",2013,NA,NA
"1655",NA,"JOR",2014,NA,NA
"1656",299,"JOR",2015,1,1
"1657",13668,"JOR",2016,3,1
"1658",NA,"JOR",2017,NA,NA
"1659",NA,"JOR",2018,NA,NA
"1660",NA,"JOR",2019,NA,NA
"1661",NA,"KAZ",2000,NA,NA
"1662",NA,"KAZ",2001,NA,NA
"1663",NA,"KAZ",2002,NA,NA
"1664",NA,"KAZ",2003,NA,NA
"1665",NA,"KAZ",2004,NA,NA
"1666",NA,"KAZ",2005,NA,NA
"1667",NA,"KAZ",2006,NA,NA
"1668",NA,"KAZ",2007,NA,NA
"1669",NA,"KAZ",2008,NA,NA
"1670",NA,"KAZ",2009,NA,NA
"1671",NA,"KAZ",2010,NA,NA
"1672",NA,"KAZ",2011,NA,NA
"1673",NA,"KAZ",2012,NA,NA
"1674",NA,"KAZ",2013,NA,NA
"1675",NA,"KAZ",2014,NA,NA
"1676",NA,"KAZ",2015,NA,NA
"1677",NA,"KAZ",2016,NA,NA
"1678",NA,"KAZ",2017,NA,NA
"1679",NA,"KAZ",2018,NA,NA
"1680",NA,"KAZ",2019,NA,NA
"1681",469,"KEN",2000,1,1
"1682",413,"KEN",2001,10,1
"1683",608,"KEN",2002,13,1
"1684",4672,"KEN",2003,4,1
"1685",4672,"KEN",2004,2,1
"1686",469,"KEN",2005,0,0
"1687",469,"KEN",2006,0,0
"1688",337,"KEN",2007,1,1
"1689",468,"KEN",2008,0,0
"1690",469,"KEN",2009,1,1
"1691",4672,"KEN",2010,1,1
"1692",329,"KEN",2011,1,1
"1693",337,"KEN",2012,3,1
"1694",337,"KEN",2013,2,1
"1695",337,"KEN",2014,4,1
"1696",337,"KEN",2015,6,1
"1697",469,"KEN",2016,1,1
"1698",469,"KEN",2017,2,1
"1699",469,"KEN",2018,1,1
"1700",NA,"KEN",2019,NA,NA
"1701",NA,"KIR",2000,NA,NA
"1702",NA,"KIR",2001,NA,NA
"1703",NA,"KIR",2002,NA,NA
"1704",NA,"KIR",2003,NA,NA
"1705",NA,"KIR",2004,NA,NA
"1706",NA,"KIR",2005,NA,NA
"1707",NA,"KIR",2006,NA,NA
"1708",NA,"KIR",2007,NA,NA
"1709",NA,"KIR",2008,NA,NA
"1710",NA,"KIR",2009,NA,NA
"1711",NA,"KIR",2010,NA,NA
"1712",NA,"KIR",2011,NA,NA
"1713",NA,"KIR",2012,NA,NA
"1714",NA,"KIR",2013,NA,NA
"1715",NA,"KIR",2014,NA,NA
"1716",NA,"KIR",2015,NA,NA
"1717",NA,"KIR",2016,NA,NA
"1718",NA,"KIR",2017,NA,NA
"1719",NA,"KIR",2018,NA,NA
"1720",NA,"KIR",2019,NA,NA
"1721",NA,"KWT",2000,NA,NA
"1722",NA,"KWT",2001,NA,NA
"1723",NA,"KWT",2002,NA,NA
"1724",NA,"KWT",2003,NA,NA
"1725",NA,"KWT",2004,NA,NA
"1726",NA,"KWT",2005,NA,NA
"1727",NA,"KWT",2006,NA,NA
"1728",NA,"KWT",2007,NA,NA
"1729",NA,"KWT",2008,NA,NA
"1730",NA,"KWT",2009,NA,NA
"1731",NA,"KWT",2010,NA,NA
"1732",NA,"KWT",2011,NA,NA
"1733",NA,"KWT",2012,NA,NA
"1734",NA,"KWT",2013,NA,NA
"1735",NA,"KWT",2014,NA,NA
"1736",506,"KWT",2015,26,1
"1737",NA,"KWT",2016,NA,NA
"1738",NA,"KWT",2017,NA,NA
"1739",NA,"KWT",2018,NA,NA
"1740",NA,"KWT",2019,NA,NA
"1741",415,"KGZ",2000,2,1
"1742",NA,"KGZ",2001,NA,NA
"1743",NA,"KGZ",2002,NA,NA
"1744",NA,"KGZ",2003,NA,NA
"1745",NA,"KGZ",2004,NA,NA
"1746",NA,"KGZ",2005,NA,NA
"1747",415,"KGZ",2006,1,1
"1748",NA,"KGZ",2007,NA,NA
"1749",NA,"KGZ",2008,NA,NA
"1750",NA,"KGZ",2009,NA,NA
"1751",4900,"KGZ",2010,0,0
"1752",NA,"KGZ",2011,NA,NA
"1753",NA,"KGZ",2012,NA,NA
"1754",NA,"KGZ",2013,NA,NA
"1755",NA,"KGZ",2014,NA,NA
"1756",13324,"KGZ",2015,1,1
"1757",NA,"KGZ",2016,NA,NA
"1758",NA,"KGZ",2017,NA,NA
"1759",NA,"KGZ",2018,NA,NA
"1760",NA,"KGZ",2019,NA,NA
"1761",262,"LAO",2000,5,1
"1762",NA,"LAO",2001,NA,NA
"1763",492,"LAO",2002,2,1
"1764",492,"LAO",2003,2,1
"1765",492,"LAO",2004,2,1
"1766",NA,"LAO",2005,NA,NA
"1767",492,"LAO",2006,26,1
"1768",NA,"LAO",2007,NA,NA
"1769",NA,"LAO",2008,NA,NA
"1770",NA,"LAO",2009,NA,NA
"1771",NA,"LAO",2010,NA,NA
"1772",NA,"LAO",2011,NA,NA
"1773",NA,"LAO",2012,NA,NA
"1774",NA,"LAO",2013,NA,NA
"1775",NA,"LAO",2014,NA,NA
"1776",NA,"LAO",2015,NA,NA
"1777",NA,"LAO",2016,NA,NA
"1778",NA,"LAO",2017,NA,NA
"1779",NA,"LAO",2018,NA,NA
"1780",NA,"LAO",2019,NA,NA
"1781",NA,"LVA",2000,NA,NA
"1782",NA,"LVA",2001,NA,NA
"1783",NA,"LVA",2002,NA,NA
"1784",NA,"LVA",2003,NA,NA
"1785",NA,"LVA",2004,NA,NA
"1786",NA,"LVA",2005,NA,NA
"1787",NA,"LVA",2006,NA,NA
"1788",NA,"LVA",2007,NA,NA
"1789",NA,"LVA",2008,NA,NA
"1790",NA,"LVA",2009,NA,NA
"1791",NA,"LVA",2010,NA,NA
"1792",NA,"LVA",2011,NA,NA
"1793",NA,"LVA",2012,NA,NA
"1794",NA,"LVA",2013,NA,NA
"1795",NA,"LVA",2014,NA,NA
"1796",NA,"LVA",2015,NA,NA
"1797",NA,"LVA",2016,NA,NA
"1798",NA,"LVA",2017,NA,NA
"1799",NA,"LVA",2018,NA,NA
"1800",NA,"LVA",2019,NA,NA
"1801",234,"LBN",2000,4,1
"1802",234,"LBN",2001,2,1
"1803",234,"LBN",2002,0,0
"1804",426,"LBN",2003,1,1
"1805",NA,"LBN",2004,NA,NA
"1806",426,"LBN",2005,1,1
"1807",234,"LBN",2006,2,1
"1808",NA,"LBN",2007,NA,NA
"1809",4639,"LBN",2008,3,1
"1810",NA,"LBN",2009,NA,NA
"1811",NA,"LBN",2010,NA,NA
"1812",711,"LBN",2011,1,1
"1813",711,"LBN",2012,1,1
"1814",4999,"LBN",2013,1,1
"1815",4999,"LBN",2014,1,1
"1816",426,"LBN",2015,2,1
"1817",506,"LBN",2016,5,1
"1818",299,"LBN",2017,4,1
"1819",13675,"LBN",2018,2,1
"1820",NA,"LBN",2019,NA,NA
"1821",NA,"LSO",2000,NA,NA
"1822",NA,"LSO",2001,NA,NA
"1823",NA,"LSO",2002,NA,NA
"1824",NA,"LSO",2003,NA,NA
"1825",NA,"LSO",2004,NA,NA
"1826",NA,"LSO",2005,NA,NA
"1827",NA,"LSO",2006,NA,NA
"1828",NA,"LSO",2007,NA,NA
"1829",NA,"LSO",2008,NA,NA
"1830",NA,"LSO",2009,NA,NA
"1831",NA,"LSO",2010,NA,NA
"1832",NA,"LSO",2011,NA,NA
"1833",NA,"LSO",2012,NA,NA
"1834",NA,"LSO",2013,NA,NA
"1835",NA,"LSO",2014,NA,NA
"1836",NA,"LSO",2015,NA,NA
"1837",NA,"LSO",2016,NA,NA
"1838",NA,"LSO",2017,NA,NA
"1839",NA,"LSO",2018,NA,NA
"1840",NA,"LSO",2019,NA,NA
"1841",341,"LBR",2000,42,1
"1842",307,"LBR",2001,0,0
"1843",341,"LBR",2002,2,1
"1844",341,"LBR",2003,3,1
"1845",NA,"LBR",2004,NA,NA
"1846",NA,"LBR",2005,NA,NA
"1847",NA,"LBR",2006,NA,NA
"1848",NA,"LBR",2007,NA,NA
"1849",NA,"LBR",2008,NA,NA
"1850",NA,"LBR",2009,NA,NA
"1851",NA,"LBR",2010,NA,NA
"1852",NA,"LBR",2011,NA,NA
"1853",NA,"LBR",2012,NA,NA
"1854",NA,"LBR",2013,NA,NA
"1855",NA,"LBR",2014,NA,NA
"1856",NA,"LBR",2015,NA,NA
"1857",NA,"LBR",2016,NA,NA
"1858",NA,"LBR",2017,NA,NA
"1859",NA,"LBR",2018,NA,NA
"1860",NA,"LBR",2019,NA,NA
"1861",NA,"LBY",2000,NA,NA
"1862",NA,"LBY",2001,NA,NA
"1863",NA,"LBY",2002,NA,NA
"1864",NA,"LBY",2003,NA,NA
"1865",NA,"LBY",2004,NA,NA
"1866",NA,"LBY",2005,NA,NA
"1867",NA,"LBY",2006,NA,NA
"1868",NA,"LBY",2007,NA,NA
"1869",13732,"LBY",2008,6,1
"1870",NA,"LBY",2009,NA,NA
"1871",NA,"LBY",2010,NA,NA
"1872",479,"LBY",2011,1,1
"1873",4996,"LBY",2012,3,1
"1874",11859,"LBY",2013,2,1
"1875",11859,"LBY",2014,3,1
"1876",259,"LBY",2015,1,1
"1877",259,"LBY",2016,49,1
"1878",506,"LBY",2017,1,1
"1879",506,"LBY",2018,2,1
"1880",NA,"LBY",2019,NA,NA
"1881",NA,"LTU",2000,NA,NA
"1882",NA,"LTU",2001,NA,NA
"1883",NA,"LTU",2002,NA,NA
"1884",NA,"LTU",2003,NA,NA
"1885",NA,"LTU",2004,NA,NA
"1886",NA,"LTU",2005,NA,NA
"1887",NA,"LTU",2006,NA,NA
"1888",NA,"LTU",2007,NA,NA
"1889",NA,"LTU",2008,NA,NA
"1890",NA,"LTU",2009,NA,NA
"1891",NA,"LTU",2010,NA,NA
"1892",NA,"LTU",2011,NA,NA
"1893",NA,"LTU",2012,NA,NA
"1894",NA,"LTU",2013,NA,NA
"1895",NA,"LTU",2014,NA,NA
"1896",NA,"LTU",2015,NA,NA
"1897",NA,"LTU",2016,NA,NA
"1898",NA,"LTU",2017,NA,NA
"1899",NA,"LTU",2018,NA,NA
"1900",NA,"LTU",2019,NA,NA
"1901",NA,"LUX",2000,NA,NA
"1902",NA,"LUX",2001,NA,NA
"1903",NA,"LUX",2002,NA,NA
"1904",NA,"LUX",2003,NA,NA
"1905",NA,"LUX",2004,NA,NA
"1906",NA,"LUX",2005,NA,NA
"1907",NA,"LUX",2006,NA,NA
"1908",NA,"LUX",2007,NA,NA
"1909",NA,"LUX",2008,NA,NA
"1910",NA,"LUX",2009,NA,NA
"1911",NA,"LUX",2010,NA,NA
"1912",NA,"LUX",2011,NA,NA
"1913",NA,"LUX",2012,NA,NA
"1914",NA,"LUX",2013,NA,NA
"1915",NA,"LUX",2014,NA,NA
"1916",NA,"LUX",2015,NA,NA
"1917",NA,"LUX",2016,NA,NA
"1918",NA,"LUX",2017,NA,NA
"1919",NA,"LUX",2018,NA,NA
"1920",NA,"LUX",2019,NA,NA
"1921",417,"MKD",2000,3,1
"1922",417,"MKD",2001,1,1
"1923",NA,"MKD",2002,NA,NA
"1924",NA,"MKD",2003,NA,NA
"1925",NA,"MKD",2004,NA,NA
"1926",NA,"MKD",2005,NA,NA
"1927",NA,"MKD",2006,NA,NA
"1928",NA,"MKD",2007,NA,NA
"1929",NA,"MKD",2008,NA,NA
"1930",NA,"MKD",2009,NA,NA
"1931",NA,"MKD",2010,NA,NA
"1932",NA,"MKD",2011,NA,NA
"1933",NA,"MKD",2012,NA,NA
"1934",NA,"MKD",2013,NA,NA
"1935",NA,"MKD",2014,NA,NA
"1936",NA,"MKD",2015,NA,NA
"1937",NA,"MKD",2016,NA,NA
"1938",NA,"MKD",2017,NA,NA
"1939",NA,"MKD",2018,NA,NA
"1940",NA,"MKD",2019,NA,NA
"1941",NA,"MDG",2000,NA,NA
"1942",NA,"MDG",2001,NA,NA
"1943",4893,"MDG",2002,2,1
"1944",NA,"MDG",2003,NA,NA
"1945",NA,"MDG",2004,NA,NA
"1946",NA,"MDG",2005,NA,NA
"1947",NA,"MDG",2006,NA,NA
"1948",NA,"MDG",2007,NA,NA
"1949",NA,"MDG",2008,NA,NA
"1950",478,"MDG",2009,31,1
"1951",NA,"MDG",2010,NA,NA
"1952",NA,"MDG",2011,NA,NA
"1953",478,"MDG",2012,11,1
"1954",NA,"MDG",2013,NA,NA
"1955",NA,"MDG",2014,NA,NA
"1956",NA,"MDG",2015,NA,NA
"1957",NA,"MDG",2016,NA,NA
"1958",478,"MDG",2017,1,1
"1959",NA,"MDG",2018,NA,NA
"1960",NA,"MDG",2019,NA,NA
"1961",NA,"MWI",2000,NA,NA
"1962",NA,"MWI",2001,NA,NA
"1963",NA,"MWI",2002,NA,NA
"1964",NA,"MWI",2003,NA,NA
"1965",NA,"MWI",2004,NA,NA
"1966",NA,"MWI",2005,NA,NA
"1967",NA,"MWI",2006,NA,NA
"1968",NA,"MWI",2007,NA,NA
"1969",NA,"MWI",2008,NA,NA
"1970",NA,"MWI",2009,NA,NA
"1971",NA,"MWI",2010,NA,NA
"1972",NA,"MWI",2011,NA,NA
"1973",NA,"MWI",2012,NA,NA
"1974",NA,"MWI",2013,NA,NA
"1975",NA,"MWI",2014,NA,NA
"1976",NA,"MWI",2015,NA,NA
"1977",NA,"MWI",2016,NA,NA
"1978",NA,"MWI",2017,NA,NA
"1979",NA,"MWI",2018,NA,NA
"1980",NA,"MWI",2019,NA,NA
"1981",NA,"MYS",2000,NA,NA
"1982",NA,"MYS",2001,NA,NA
"1983",NA,"MYS",2002,NA,NA
"1984",NA,"MYS",2003,NA,NA
"1985",NA,"MYS",2004,NA,NA
"1986",NA,"MYS",2005,NA,NA
"1987",NA,"MYS",2006,NA,NA
"1988",NA,"MYS",2007,NA,NA
"1989",NA,"MYS",2008,NA,NA
"1990",NA,"MYS",2009,NA,NA
"1991",NA,"MYS",2010,NA,NA
"1992",NA,"MYS",2011,NA,NA
"1993",NA,"MYS",2012,NA,NA
"1994",510,"MYS",2013,0,0
"1995",NA,"MYS",2014,NA,NA
"1996",NA,"MYS",2015,NA,NA
"1997",NA,"MYS",2016,NA,NA
"1998",308,"MYS",2017,1,1
"1999",NA,"MYS",2018,NA,NA
"2000",NA,"MYS",2019,NA,NA
"2001",NA,"MDV",2000,NA,NA
"2002",NA,"MDV",2001,NA,NA
"2003",NA,"MDV",2002,NA,NA
"2004",NA,"MDV",2003,NA,NA
"2005",NA,"MDV",2004,NA,NA
"2006",NA,"MDV",2005,NA,NA
"2007",NA,"MDV",2006,NA,NA
"2008",NA,"MDV",2007,NA,NA
"2009",NA,"MDV",2008,NA,NA
"2010",NA,"MDV",2009,NA,NA
"2011",NA,"MDV",2010,NA,NA
"2012",NA,"MDV",2011,NA,NA
"2013",NA,"MDV",2012,NA,NA
"2014",NA,"MDV",2013,NA,NA
"2015",NA,"MDV",2014,NA,NA
"2016",NA,"MDV",2015,NA,NA
"2017",NA,"MDV",2016,NA,NA
"2018",NA,"MDV",2017,NA,NA
"2019",NA,"MDV",2018,NA,NA
"2020",NA,"MDV",2019,NA,NA
"2021",NA,"MLI",2000,NA,NA
"2022",NA,"MLI",2001,NA,NA
"2023",5039,"MLI",2002,5,1
"2024",NA,"MLI",2003,NA,NA
"2025",4888,"MLI",2004,7,1
"2026",386,"MLI",2005,12,1
"2027",NA,"MLI",2006,NA,NA
"2028",372,"MLI",2007,10,1
"2029",372,"MLI",2008,5,1
"2030",372,"MLI",2009,3,1
"2031",442,"MLI",2010,6,1
"2032",573,"MLI",2011,1,1
"2033",454,"MLI",2012,3,1
"2034",454,"MLI",2013,19,1
"2035",573,"MLI",2014,1,1
"2036",573,"MLI",2015,1,1
"2037",454,"MLI",2016,2,1
"2038",454,"MLI",2017,3,1
"2039",454,"MLI",2018,3,1
"2040",NA,"MLI",2019,NA,NA
"2041",NA,"MLT",2000,NA,NA
"2042",NA,"MLT",2001,NA,NA
"2043",NA,"MLT",2002,NA,NA
"2044",NA,"MLT",2003,NA,NA
"2045",NA,"MLT",2004,NA,NA
"2046",NA,"MLT",2005,NA,NA
"2047",NA,"MLT",2006,NA,NA
"2048",NA,"MLT",2007,NA,NA
"2049",NA,"MLT",2008,NA,NA
"2050",NA,"MLT",2009,NA,NA
"2051",NA,"MLT",2010,NA,NA
"2052",NA,"MLT",2011,NA,NA
"2053",NA,"MLT",2012,NA,NA
"2054",NA,"MLT",2013,NA,NA
"2055",NA,"MLT",2014,NA,NA
"2056",NA,"MLT",2015,NA,NA
"2057",NA,"MLT",2016,NA,NA
"2058",NA,"MLT",2017,NA,NA
"2059",NA,"MLT",2018,NA,NA
"2060",NA,"MLT",2019,NA,NA
"2061",NA,"MHL",2000,NA,NA
"2062",NA,"MHL",2001,NA,NA
"2063",NA,"MHL",2002,NA,NA
"2064",NA,"MHL",2003,NA,NA
"2065",NA,"MHL",2004,NA,NA
"2066",NA,"MHL",2005,NA,NA
"2067",NA,"MHL",2006,NA,NA
"2068",NA,"MHL",2007,NA,NA
"2069",NA,"MHL",2008,NA,NA
"2070",NA,"MHL",2009,NA,NA
"2071",NA,"MHL",2010,NA,NA
"2072",NA,"MHL",2011,NA,NA
"2073",NA,"MHL",2012,NA,NA
"2074",NA,"MHL",2013,NA,NA
"2075",NA,"MHL",2014,NA,NA
"2076",NA,"MHL",2015,NA,NA
"2077",NA,"MHL",2016,NA,NA
"2078",NA,"MHL",2017,NA,NA
"2079",NA,"MHL",2018,NA,NA
"2080",NA,"MHL",2019,NA,NA
"2081",NA,"MRT",2000,NA,NA
"2082",NA,"MRT",2001,NA,NA
"2083",NA,"MRT",2002,NA,NA
"2084",NA,"MRT",2003,NA,NA
"2085",NA,"MRT",2004,NA,NA
"2086",NA,"MRT",2005,NA,NA
"2087",NA,"MRT",2006,NA,NA
"2088",573,"MRT",2007,4,1
"2089",442,"MRT",2008,12,1
"2090",573,"MRT",2009,1,1
"2091",442,"MRT",2010,1,1
"2092",442,"MRT",2011,3,1
"2093",694,"MRT",2012,1,1
"2094",NA,"MRT",2013,NA,NA
"2095",NA,"MRT",2014,NA,NA
"2096",NA,"MRT",2015,NA,NA
"2097",NA,"MRT",2016,NA,NA
"2098",NA,"MRT",2017,NA,NA
"2099",NA,"MRT",2018,NA,NA
"2100",NA,"MRT",2019,NA,NA
"2101",NA,"MUS",2000,NA,NA
"2102",NA,"MUS",2001,NA,NA
"2103",NA,"MUS",2002,NA,NA
"2104",NA,"MUS",2003,NA,NA
"2105",NA,"MUS",2004,NA,NA
"2106",NA,"MUS",2005,NA,NA
"2107",NA,"MUS",2006,NA,NA
"2108",NA,"MUS",2007,NA,NA
"2109",NA,"MUS",2008,NA,NA
"2110",NA,"MUS",2009,NA,NA
"2111",NA,"MUS",2010,NA,NA
"2112",NA,"MUS",2011,NA,NA
"2113",NA,"MUS",2012,NA,NA
"2114",NA,"MUS",2013,NA,NA
"2115",NA,"MUS",2014,NA,NA
"2116",NA,"MUS",2015,NA,NA
"2117",NA,"MUS",2016,NA,NA
"2118",NA,"MUS",2017,NA,NA
"2119",NA,"MUS",2018,NA,NA
"2120",NA,"MUS",2019,NA,NA
"2121",NA,"MEX",2000,NA,NA
"2122",NA,"MEX",2001,NA,NA
"2123",641,"MEX",2002,0,0
"2124",NA,"MEX",2003,NA,NA
"2125",641,"MEX",2004,1,1
"2126",4696,"MEX",2005,82,1
"2127",4652,"MEX",2006,0,0
"2128",641,"MEX",2007,5,1
"2129",641,"MEX",2008,6,1
"2130",641,"MEX",2009,3,1
"2131",629,"MEX",2010,1,1
"2132",629,"MEX",2011,111,1
"2133",629,"MEX",2012,1,1
"2134",629,"MEX",2013,17,1
"2135",629,"MEX",2014,2,1
"2136",641,"MEX",2015,1,1
"2137",629,"MEX",2016,1,1
"2138",4652,"MEX",2017,0,0
"2139",629,"MEX",2018,1,1
"2140",NA,"MEX",2019,NA,NA
"2141",NA,"MDA",2000,NA,NA
"2142",NA,"MDA",2001,NA,NA
"2143",NA,"MDA",2002,NA,NA
"2144",NA,"MDA",2003,NA,NA
"2145",NA,"MDA",2004,NA,NA
"2146",NA,"MDA",2005,NA,NA
"2147",NA,"MDA",2006,NA,NA
"2148",NA,"MDA",2007,NA,NA
"2149",NA,"MDA",2008,NA,NA
"2150",NA,"MDA",2009,NA,NA
"2151",NA,"MDA",2010,NA,NA
"2152",NA,"MDA",2011,NA,NA
"2153",NA,"MDA",2012,NA,NA
"2154",NA,"MDA",2013,NA,NA
"2155",NA,"MDA",2014,NA,NA
"2156",NA,"MDA",2015,NA,NA
"2157",NA,"MDA",2016,NA,NA
"2158",NA,"MDA",2017,NA,NA
"2159",NA,"MDA",2018,NA,NA
"2160",NA,"MDA",2019,NA,NA
"2161",NA,"MNG",2000,NA,NA
"2162",NA,"MNG",2001,NA,NA
"2163",NA,"MNG",2002,NA,NA
"2164",NA,"MNG",2003,NA,NA
"2165",NA,"MNG",2004,NA,NA
"2166",NA,"MNG",2005,NA,NA
"2167",NA,"MNG",2006,NA,NA
"2168",NA,"MNG",2007,NA,NA
"2169",NA,"MNG",2008,NA,NA
"2170",NA,"MNG",2009,NA,NA
"2171",NA,"MNG",2010,NA,NA
"2172",NA,"MNG",2011,NA,NA
"2173",NA,"MNG",2012,NA,NA
"2174",NA,"MNG",2013,NA,NA
"2175",NA,"MNG",2014,NA,NA
"2176",NA,"MNG",2015,NA,NA
"2177",NA,"MNG",2016,NA,NA
"2178",NA,"MNG",2017,NA,NA
"2179",NA,"MNG",2018,NA,NA
"2180",NA,"MNG",2019,NA,NA
"2181",NA,"MNE",2000,NA,NA
"2182",NA,"MNE",2001,NA,NA
"2183",NA,"MNE",2002,NA,NA
"2184",NA,"MNE",2003,NA,NA
"2185",NA,"MNE",2004,NA,NA
"2186",NA,"MNE",2005,NA,NA
"2187",NA,"MNE",2006,NA,NA
"2188",NA,"MNE",2007,NA,NA
"2189",NA,"MNE",2008,NA,NA
"2190",NA,"MNE",2009,NA,NA
"2191",NA,"MNE",2010,NA,NA
"2192",NA,"MNE",2011,NA,NA
"2193",NA,"MNE",2012,NA,NA
"2194",NA,"MNE",2013,NA,NA
"2195",NA,"MNE",2014,NA,NA
"2196",NA,"MNE",2015,NA,NA
"2197",NA,"MNE",2016,NA,NA
"2198",NA,"MNE",2017,NA,NA
"2199",NA,"MNE",2018,NA,NA
"2200",NA,"MNE",2019,NA,NA
"2201",NA,"MAR",2000,NA,NA
"2202",NA,"MAR",2001,NA,NA
"2203",NA,"MAR",2002,NA,NA
"2204",542,"MAR",2003,33,1
"2205",NA,"MAR",2004,NA,NA
"2206",NA,"MAR",2005,NA,NA
"2207",NA,"MAR",2006,NA,NA
"2208",NA,"MAR",2007,NA,NA
"2209",NA,"MAR",2008,NA,NA
"2210",NA,"MAR",2009,NA,NA
"2211",NA,"MAR",2010,NA,NA
"2212",NA,"MAR",2011,NA,NA
"2213",NA,"MAR",2012,NA,NA
"2214",NA,"MAR",2013,NA,NA
"2215",NA,"MAR",2014,NA,NA
"2216",NA,"MAR",2015,NA,NA
"2217",NA,"MAR",2016,NA,NA
"2218",NA,"MAR",2017,NA,NA
"2219",NA,"MAR",2018,NA,NA
"2220",NA,"MAR",2019,NA,NA
"2221",NA,"MOZ",2000,NA,NA
"2222",NA,"MOZ",2001,NA,NA
"2223",NA,"MOZ",2002,NA,NA
"2224",NA,"MOZ",2003,NA,NA
"2225",332,"MOZ",2004,1,1
"2226",332,"MOZ",2005,12,1
"2227",NA,"MOZ",2006,NA,NA
"2228",NA,"MOZ",2007,NA,NA
"2229",NA,"MOZ",2008,NA,NA
"2230",NA,"MOZ",2009,NA,NA
"2231",700,"MOZ",2010,7,1
"2232",NA,"MOZ",2011,NA,NA
"2233",332,"MOZ",2012,2,1
"2234",332,"MOZ",2013,1,1
"2235",332,"MOZ",2014,8,1
"2236",562,"MOZ",2015,3,1
"2237",332,"MOZ",2016,0,0
"2238",700,"MOZ",2017,1,1
"2239",700,"MOZ",2018,1,1
"2240",NA,"MOZ",2019,NA,NA
"2241",221,"MMR",2000,5,1
"2242",221,"MMR",2001,4,1
"2243",221,"MMR",2002,3,1
"2244",221,"MMR",2003,10,1
"2245",221,"MMR",2004,5,1
"2246",221,"MMR",2005,7,1
"2247",221,"MMR",2006,5,1
"2248",221,"MMR",2007,2,1
"2249",221,"MMR",2008,1,1
"2250",221,"MMR",2009,8,1
"2251",221,"MMR",2010,13,1
"2252",221,"MMR",2011,9,1
"2253",221,"MMR",2012,4,1
"2254",221,"MMR",2013,37,1
"2255",221,"MMR",2014,1,1
"2256",221,"MMR",2015,1,1
"2257",231,"MMR",2016,0,0
"2258",231,"MMR",2017,7,1
"2259",221,"MMR",2018,1,1
"2260",NA,"MMR",2019,NA,NA
"2261",327,"NAM",2000,7,1
"2262",NA,"NAM",2001,NA,NA
"2263",327,"NAM",2002,5,1
"2264",NA,"NAM",2003,NA,NA
"2265",NA,"NAM",2004,NA,NA
"2266",NA,"NAM",2005,NA,NA
"2267",NA,"NAM",2006,NA,NA
"2268",NA,"NAM",2007,NA,NA
"2269",NA,"NAM",2008,NA,NA
"2270",NA,"NAM",2009,NA,NA
"2271",NA,"NAM",2010,NA,NA
"2272",NA,"NAM",2011,NA,NA
"2273",NA,"NAM",2012,NA,NA
"2274",NA,"NAM",2013,NA,NA
"2275",NA,"NAM",2014,NA,NA
"2276",NA,"NAM",2015,NA,NA
"2277",NA,"NAM",2016,NA,NA
"2278",NA,"NAM",2017,NA,NA
"2279",NA,"NAM",2018,NA,NA
"2280",NA,"NAM",2019,NA,NA
"2281",269,"NPL",2000,2,1
"2282",269,"NPL",2001,1,1
"2283",269,"NPL",2002,1,1
"2284",269,"NPL",2003,1,1
"2285",269,"NPL",2004,1,1
"2286",269,"NPL",2005,2,1
"2287",269,"NPL",2006,3,1
"2288",487,"NPL",2007,0,0
"2289",490,"NPL",2008,0,0
"2290",269,"NPL",2009,5,1
"2291",NA,"NPL",2010,NA,NA
"2292",NA,"NPL",2011,NA,NA
"2293",NA,"NPL",2012,NA,NA
"2294",NA,"NPL",2013,NA,NA
"2295",NA,"NPL",2014,NA,NA
"2296",NA,"NPL",2015,NA,NA
"2297",NA,"NPL",2016,NA,NA
"2298",NA,"NPL",2017,NA,NA
"2299",NA,"NPL",2018,NA,NA
"2300",NA,"NPL",2019,NA,NA
"2301",NA,"NLD",2000,NA,NA
"2302",NA,"NLD",2001,NA,NA
"2303",NA,"NLD",2002,NA,NA
"2304",NA,"NLD",2003,NA,NA
"2305",NA,"NLD",2004,NA,NA
"2306",NA,"NLD",2005,NA,NA
"2307",NA,"NLD",2006,NA,NA
"2308",NA,"NLD",2007,NA,NA
"2309",NA,"NLD",2008,NA,NA
"2310",NA,"NLD",2009,NA,NA
"2311",NA,"NLD",2010,NA,NA
"2312",NA,"NLD",2011,NA,NA
"2313",NA,"NLD",2012,NA,NA
"2314",NA,"NLD",2013,NA,NA
"2315",NA,"NLD",2014,NA,NA
"2316",338,"NLD",2015,0,0
"2317",NA,"NLD",2016,NA,NA
"2318",NA,"NLD",2017,NA,NA
"2319",NA,"NLD",2018,NA,NA
"2320",NA,"NLD",2019,NA,NA
"2321",NA,"NZL",2000,NA,NA
"2322",NA,"NZL",2001,NA,NA
"2323",NA,"NZL",2002,NA,NA
"2324",NA,"NZL",2003,NA,NA
"2325",NA,"NZL",2004,NA,NA
"2326",NA,"NZL",2005,NA,NA
"2327",NA,"NZL",2006,NA,NA
"2328",NA,"NZL",2007,NA,NA
"2329",NA,"NZL",2008,NA,NA
"2330",NA,"NZL",2009,NA,NA
"2331",NA,"NZL",2010,NA,NA
"2332",NA,"NZL",2011,NA,NA
"2333",NA,"NZL",2012,NA,NA
"2334",NA,"NZL",2013,NA,NA
"2335",NA,"NZL",2014,NA,NA
"2336",NA,"NZL",2015,NA,NA
"2337",NA,"NZL",2016,NA,NA
"2338",NA,"NZL",2017,NA,NA
"2339",NA,"NZL",2018,NA,NA
"2340",NA,"NZL",2019,NA,NA
"2341",NA,"NIC",2000,NA,NA
"2342",NA,"NIC",2001,NA,NA
"2343",NA,"NIC",2002,NA,NA
"2344",NA,"NIC",2003,NA,NA
"2345",NA,"NIC",2004,NA,NA
"2346",NA,"NIC",2005,NA,NA
"2347",NA,"NIC",2006,NA,NA
"2348",NA,"NIC",2007,NA,NA
"2349",NA,"NIC",2008,NA,NA
"2350",NA,"NIC",2009,NA,NA
"2351",NA,"NIC",2010,NA,NA
"2352",NA,"NIC",2011,NA,NA
"2353",NA,"NIC",2012,NA,NA
"2354",NA,"NIC",2013,NA,NA
"2355",NA,"NIC",2014,NA,NA
"2356",NA,"NIC",2015,NA,NA
"2357",NA,"NIC",2016,NA,NA
"2358",NA,"NIC",2017,NA,NA
"2359",NA,"NIC",2018,NA,NA
"2360",NA,"NIC",2019,NA,NA
"2361",NA,"NER",2000,NA,NA
"2362",NA,"NER",2001,NA,NA
"2363",NA,"NER",2002,NA,NA
"2364",NA,"NER",2003,NA,NA
"2365",386,"NER",2004,4,1
"2366",NA,"NER",2005,NA,NA
"2367",NA,"NER",2006,NA,NA
"2368",430,"NER",2007,16,1
"2369",430,"NER",2008,1,1
"2370",NA,"NER",2009,NA,NA
"2371",NA,"NER",2010,NA,NA
"2372",NA,"NER",2011,NA,NA
"2373",442,"NER",2012,1,1
"2374",11347,"NER",2013,12,1
"2375",13678,"NER",2014,3,1
"2376",297,"NER",2015,57,1
"2377",506,"NER",2016,2,1
"2378",506,"NER",2017,2,1
"2379",506,"NER",2018,1,1
"2380",NA,"NER",2019,NA,NA
"2381",463,"NGA",2000,2,1
"2382",463,"NGA",2001,36,1
"2383",463,"NGA",2002,2,1
"2384",424,"NGA",2003,1,1
"2385",424,"NGA",2004,20,1
"2386",463,"NGA",2005,1,1
"2387",463,"NGA",2006,10,1
"2388",463,"NGA",2007,1,1
"2389",463,"NGA",2008,0,0
"2390",297,"NGA",2009,0,0
"2391",297,"NGA",2010,0,0
"2392",297,"NGA",2011,1,1
"2393",297,"NGA",2012,1,1
"2394",297,"NGA",2013,14,1
"2395",297,"NGA",2014,2,1
"2396",297,"NGA",2015,17,1
"2397",297,"NGA",2016,1,1
"2398",297,"NGA",2017,4,1
"2399",297,"NGA",2018,3,1
"2400",NA,"NGA",2019,NA,NA
"2401",NA,"PRK",2000,NA,NA
"2402",NA,"PRK",2001,NA,NA
"2403",NA,"PRK",2002,NA,NA
"2404",NA,"PRK",2003,NA,NA
"2405",NA,"PRK",2004,NA,NA
"2406",NA,"PRK",2005,NA,NA
"2407",NA,"PRK",2006,NA,NA
"2408",NA,"PRK",2007,NA,NA
"2409",NA,"PRK",2008,NA,NA
"2410",NA,"PRK",2009,NA,NA
"2411",NA,"PRK",2010,NA,NA
"2412",NA,"PRK",2011,NA,NA
"2413",NA,"PRK",2012,NA,NA
"2414",NA,"PRK",2013,NA,NA
"2415",NA,"PRK",2014,NA,NA
"2416",NA,"PRK",2015,NA,NA
"2417",NA,"PRK",2016,NA,NA
"2418",NA,"PRK",2017,NA,NA
"2419",NA,"PRK",2018,NA,NA
"2420",NA,"PRK",2019,NA,NA
"2421",NA,"NOR",2000,NA,NA
"2422",NA,"NOR",2001,NA,NA
"2423",NA,"NOR",2002,NA,NA
"2424",NA,"NOR",2003,NA,NA
"2425",NA,"NOR",2004,NA,NA
"2426",NA,"NOR",2005,NA,NA
"2427",NA,"NOR",2006,NA,NA
"2428",NA,"NOR",2007,NA,NA
"2429",NA,"NOR",2008,NA,NA
"2430",NA,"NOR",2009,NA,NA
"2431",NA,"NOR",2010,NA,NA
"2432",NA,"NOR",2011,NA,NA
"2433",NA,"NOR",2012,NA,NA
"2434",NA,"NOR",2013,NA,NA
"2435",NA,"NOR",2014,NA,NA
"2436",NA,"NOR",2015,NA,NA
"2437",NA,"NOR",2016,NA,NA
"2438",NA,"NOR",2017,NA,NA
"2439",NA,"NOR",2018,NA,NA
"2440",NA,"NOR",2019,NA,NA
"2441",NA,"OMN",2000,NA,NA
"2442",NA,"OMN",2001,NA,NA
"2443",NA,"OMN",2002,NA,NA
"2444",NA,"OMN",2003,NA,NA
"2445",NA,"OMN",2004,NA,NA
"2446",NA,"OMN",2005,NA,NA
"2447",NA,"OMN",2006,NA,NA
"2448",NA,"OMN",2007,NA,NA
"2449",NA,"OMN",2008,NA,NA
"2450",NA,"OMN",2009,NA,NA
"2451",NA,"OMN",2010,NA,NA
"2452",NA,"OMN",2011,NA,NA
"2453",NA,"OMN",2012,NA,NA
"2454",NA,"OMN",2013,NA,NA
"2455",NA,"OMN",2014,NA,NA
"2456",NA,"OMN",2015,NA,NA
"2457",NA,"OMN",2016,NA,NA
"2458",NA,"OMN",2017,NA,NA
"2459",NA,"OMN",2018,NA,NA
"2460",NA,"OMN",2019,NA,NA
"2461",218,"PAK",2000,1,1
"2462",218,"PAK",2001,3,1
"2463",218,"PAK",2002,1,1
"2464",218,"PAK",2003,1,1
"2465",325,"PAK",2004,15,1
"2466",325,"PAK",2005,1,1
"2467",325,"PAK",2006,15,1
"2468",325,"PAK",2007,4,1
"2469",325,"PAK",2008,1,1
"2470",325,"PAK",2009,0,0
"2471",218,"PAK",2010,1,1
"2472",218,"PAK",2011,1,1
"2473",218,"PAK",2012,1,1
"2474",218,"PAK",2013,1,1
"2475",218,"PAK",2014,1,1
"2476",218,"PAK",2015,1,1
"2477",218,"PAK",2016,2,1
"2478",218,"PAK",2017,1,1
"2479",218,"PAK",2018,1,1
"2480",NA,"PAK",2019,NA,NA
"2481",NA,"PAN",2000,NA,NA
"2482",NA,"PAN",2001,NA,NA
"2483",NA,"PAN",2002,NA,NA
"2484",NA,"PAN",2003,NA,NA
"2485",NA,"PAN",2004,NA,NA
"2486",NA,"PAN",2005,NA,NA
"2487",NA,"PAN",2006,NA,NA
"2488",NA,"PAN",2007,NA,NA
"2489",NA,"PAN",2008,NA,NA
"2490",NA,"PAN",2009,NA,NA
"2491",NA,"PAN",2010,NA,NA
"2492",NA,"PAN",2011,NA,NA
"2493",NA,"PAN",2012,NA,NA
"2494",NA,"PAN",2013,NA,NA
"2495",NA,"PAN",2014,NA,NA
"2496",NA,"PAN",2015,NA,NA
"2497",NA,"PAN",2016,NA,NA
"2498",NA,"PAN",2017,NA,NA
"2499",NA,"PAN",2018,NA,NA
"2500",NA,"PAN",2019,NA,NA
"2501",4807,"PNG",2000,3,1
"2502",494,"PNG",2001,4,1
"2503",4807,"PNG",2002,1,1
"2504",NA,"PNG",2003,NA,NA
"2505",NA,"PNG",2004,NA,NA
"2506",NA,"PNG",2005,NA,NA
"2507",NA,"PNG",2006,NA,NA
"2508",NA,"PNG",2007,NA,NA
"2509",NA,"PNG",2008,NA,NA
"2510",NA,"PNG",2009,NA,NA
"2511",NA,"PNG",2010,NA,NA
"2512",NA,"PNG",2011,NA,NA
"2513",10948,"PNG",2012,51,1
"2514",NA,"PNG",2013,NA,NA
"2515",NA,"PNG",2014,NA,NA
"2516",NA,"PNG",2015,NA,NA
"2517",NA,"PNG",2016,NA,NA
"2518",NA,"PNG",2017,NA,NA
"2519",NA,"PNG",2018,NA,NA
"2520",NA,"PNG",2019,NA,NA
"2521",NA,"PRY",2000,NA,NA
"2522",NA,"PRY",2001,NA,NA
"2523",NA,"PRY",2002,NA,NA
"2524",NA,"PRY",2003,NA,NA
"2525",NA,"PRY",2004,NA,NA
"2526",NA,"PRY",2005,NA,NA
"2527",NA,"PRY",2006,NA,NA
"2528",NA,"PRY",2007,NA,NA
"2529",NA,"PRY",2008,NA,NA
"2530",NA,"PRY",2009,NA,NA
"2531",NA,"PRY",2010,NA,NA
"2532",NA,"PRY",2011,NA,NA
"2533",NA,"PRY",2012,NA,NA
"2534",NA,"PRY",2013,NA,NA
"2535",NA,"PRY",2014,NA,NA
"2536",NA,"PRY",2015,NA,NA
"2537",NA,"PRY",2016,NA,NA
"2538",NA,"PRY",2017,NA,NA
"2539",NA,"PRY",2018,NA,NA
"2540",NA,"PRY",2019,NA,NA
"2541",292,"PER",2000,1,1
"2542",292,"PER",2001,1,1
"2543",292,"PER",2002,10,1
"2544",292,"PER",2003,1,1
"2545",292,"PER",2004,3,1
"2546",607,"PER",2005,0,0
"2547",292,"PER",2006,1,1
"2548",292,"PER",2007,2,1
"2549",292,"PER",2008,2,1
"2550",292,"PER",2009,20,1
"2551",292,"PER",2010,1,1
"2552",292,"PER",2011,1,1
"2553",NA,"PER",2012,NA,NA
"2554",292,"PER",2013,3,1
"2555",292,"PER",2014,3,1
"2556",292,"PER",2015,1,1
"2557",292,"PER",2016,10,1
"2558",292,"PER",2017,3,1
"2559",NA,"PER",2018,NA,NA
"2560",NA,"PER",2019,NA,NA
"2561",209,"PHL",2000,6,1
"2562",209,"PHL",2001,0,0
"2563",209,"PHL",2002,2,1
"2564",209,"PHL",2003,3,1
"2565",209,"PHL",2004,1,1
"2566",209,"PHL",2005,1,1
"2567",209,"PHL",2006,0,0
"2568",209,"PHL",2007,0,0
"2569",209,"PHL",2008,2,1
"2570",209,"PHL",2009,205,1
"2571",209,"PHL",2010,0,0
"2572",209,"PHL",2011,3,1
"2573",209,"PHL",2012,3,1
"2574",209,"PHL",2013,1,1
"2575",209,"PHL",2014,2,1
"2576",209,"PHL",2015,1,1
"2577",209,"PHL",2016,1,1
"2578",209,"PHL",2017,1,1
"2579",209,"PHL",2018,41,1
"2580",NA,"PHL",2019,NA,NA
"2581",NA,"POL",2000,NA,NA
"2582",NA,"POL",2001,NA,NA
"2583",NA,"POL",2002,NA,NA
"2584",NA,"POL",2003,NA,NA
"2585",NA,"POL",2004,NA,NA
"2586",NA,"POL",2005,NA,NA
"2587",NA,"POL",2006,NA,NA
"2588",NA,"POL",2007,NA,NA
"2589",NA,"POL",2008,NA,NA
"2590",NA,"POL",2009,NA,NA
"2591",NA,"POL",2010,NA,NA
"2592",NA,"POL",2011,NA,NA
"2593",NA,"POL",2012,NA,NA
"2594",NA,"POL",2013,NA,NA
"2595",NA,"POL",2014,NA,NA
"2596",NA,"POL",2015,NA,NA
"2597",NA,"POL",2016,NA,NA
"2598",NA,"POL",2017,NA,NA
"2599",NA,"POL",2018,NA,NA
"2600",NA,"POL",2019,NA,NA
"2601",NA,"PRT",2000,NA,NA
"2602",NA,"PRT",2001,NA,NA
"2603",NA,"PRT",2002,NA,NA
"2604",NA,"PRT",2003,NA,NA
"2605",NA,"PRT",2004,NA,NA
"2606",NA,"PRT",2005,NA,NA
"2607",NA,"PRT",2006,NA,NA
"2608",NA,"PRT",2007,NA,NA
"2609",NA,"PRT",2008,NA,NA
"2610",NA,"PRT",2009,NA,NA
"2611",NA,"PRT",2010,NA,NA
"2612",NA,"PRT",2011,NA,NA
"2613",NA,"PRT",2012,NA,NA
"2614",NA,"PRT",2013,NA,NA
"2615",NA,"PRT",2014,NA,NA
"2616",NA,"PRT",2015,NA,NA
"2617",NA,"PRT",2016,NA,NA
"2618",NA,"PRT",2017,NA,NA
"2619",NA,"PRT",2018,NA,NA
"2620",NA,"PRT",2019,NA,NA
"2621",NA,"PRI",2000,NA,NA
"2622",NA,"PRI",2001,NA,NA
"2623",NA,"PRI",2002,NA,NA
"2624",NA,"PRI",2003,NA,NA
"2625",NA,"PRI",2004,NA,NA
"2626",NA,"PRI",2005,NA,NA
"2627",NA,"PRI",2006,NA,NA
"2628",NA,"PRI",2007,NA,NA
"2629",NA,"PRI",2008,NA,NA
"2630",NA,"PRI",2009,NA,NA
"2631",NA,"PRI",2010,NA,NA
"2632",NA,"PRI",2011,NA,NA
"2633",NA,"PRI",2012,NA,NA
"2634",NA,"PRI",2013,NA,NA
"2635",NA,"PRI",2014,NA,NA
"2636",NA,"PRI",2015,NA,NA
"2637",NA,"PRI",2016,NA,NA
"2638",NA,"PRI",2017,NA,NA
"2639",NA,"PRI",2018,NA,NA
"2640",NA,"PRI",2019,NA,NA
"2641",NA,"QAT",2000,NA,NA
"2642",NA,"QAT",2001,NA,NA
"2643",NA,"QAT",2002,NA,NA
"2644",NA,"QAT",2003,NA,NA
"2645",401,"QAT",2004,0,0
"2646",NA,"QAT",2005,NA,NA
"2647",NA,"QAT",2006,NA,NA
"2648",NA,"QAT",2007,NA,NA
"2649",NA,"QAT",2008,NA,NA
"2650",NA,"QAT",2009,NA,NA
"2651",NA,"QAT",2010,NA,NA
"2652",NA,"QAT",2011,NA,NA
"2653",NA,"QAT",2012,NA,NA
"2654",NA,"QAT",2013,NA,NA
"2655",NA,"QAT",2014,NA,NA
"2656",NA,"QAT",2015,NA,NA
"2657",NA,"QAT",2016,NA,NA
"2658",NA,"QAT",2017,NA,NA
"2659",NA,"QAT",2018,NA,NA
"2660",NA,"QAT",2019,NA,NA
"2661",NA,"ROU",2000,NA,NA
"2662",NA,"ROU",2001,NA,NA
"2663",NA,"ROU",2002,NA,NA
"2664",NA,"ROU",2003,NA,NA
"2665",NA,"ROU",2004,NA,NA
"2666",NA,"ROU",2005,NA,NA
"2667",NA,"ROU",2006,NA,NA
"2668",NA,"ROU",2007,NA,NA
"2669",NA,"ROU",2008,NA,NA
"2670",NA,"ROU",2009,NA,NA
"2671",NA,"ROU",2010,NA,NA
"2672",NA,"ROU",2011,NA,NA
"2673",NA,"ROU",2012,NA,NA
"2674",NA,"ROU",2013,NA,NA
"2675",NA,"ROU",2014,NA,NA
"2676",NA,"ROU",2015,NA,NA
"2677",NA,"ROU",2016,NA,NA
"2678",NA,"ROU",2017,NA,NA
"2679",NA,"ROU",2018,NA,NA
"2680",NA,"ROU",2019,NA,NA
"2681",401,"RUS",2000,26,1
"2682",401,"RUS",2001,7,1
"2683",401,"RUS",2002,2,1
"2684",401,"RUS",2003,1,1
"2685",401,"RUS",2004,1,1
"2686",401,"RUS",2005,0,0
"2687",401,"RUS",2006,7,1
"2688",401,"RUS",2007,0,0
"2689",432,"RUS",2008,1,1
"2690",432,"RUS",2009,1,1
"2691",432,"RUS",2010,10,1
"2692",432,"RUS",2011,0,0
"2693",432,"RUS",2012,15,1
"2694",432,"RUS",2013,0,0
"2695",432,"RUS",2014,9,1
"2696",432,"RUS",2015,2,1
"2697",432,"RUS",2016,0,0
"2698",432,"RUS",2017,0,0
"2699",432,"RUS",2018,2,1
"2700",NA,"RUS",2019,NA,NA
"2701",NA,"RWA",2000,NA,NA
"2702",374,"RWA",2001,1684,1
"2703",NA,"RWA",2002,NA,NA
"2704",NA,"RWA",2003,NA,NA
"2705",374,"RWA",2004,16,1
"2706",NA,"RWA",2005,NA,NA
"2707",NA,"RWA",2006,NA,NA
"2708",NA,"RWA",2007,NA,NA
"2709",NA,"RWA",2008,NA,NA
"2710",472,"RWA",2009,2,1
"2711",NA,"RWA",2010,NA,NA
"2712",569,"RWA",2011,0,0
"2713",283,"RWA",2012,2,1
"2714",569,"RWA",2013,3,1
"2715",NA,"RWA",2014,NA,NA
"2716",NA,"RWA",2015,NA,NA
"2717",472,"RWA",2016,1,1
"2718",472,"RWA",2017,1,1
"2719",374,"RWA",2018,6,1
"2720",NA,"RWA",2019,NA,NA
"2721",NA,"LCA",2000,NA,NA
"2722",NA,"LCA",2001,NA,NA
"2723",NA,"LCA",2002,NA,NA
"2724",NA,"LCA",2003,NA,NA
"2725",NA,"LCA",2004,NA,NA
"2726",NA,"LCA",2005,NA,NA
"2727",NA,"LCA",2006,NA,NA
"2728",NA,"LCA",2007,NA,NA
"2729",NA,"LCA",2008,NA,NA
"2730",NA,"LCA",2009,NA,NA
"2731",NA,"LCA",2010,NA,NA
"2732",NA,"LCA",2011,NA,NA
"2733",NA,"LCA",2012,NA,NA
"2734",NA,"LCA",2013,NA,NA
"2735",NA,"LCA",2014,NA,NA
"2736",NA,"LCA",2015,NA,NA
"2737",NA,"LCA",2016,NA,NA
"2738",NA,"LCA",2017,NA,NA
"2739",NA,"LCA",2018,NA,NA
"2740",NA,"LCA",2019,NA,NA
"2741",NA,"VCT",2000,NA,NA
"2742",NA,"VCT",2001,NA,NA
"2743",NA,"VCT",2002,NA,NA
"2744",NA,"VCT",2003,NA,NA
"2745",NA,"VCT",2004,NA,NA
"2746",NA,"VCT",2005,NA,NA
"2747",NA,"VCT",2006,NA,NA
"2748",NA,"VCT",2007,NA,NA
"2749",NA,"VCT",2008,NA,NA
"2750",NA,"VCT",2009,NA,NA
"2751",NA,"VCT",2010,NA,NA
"2752",NA,"VCT",2011,NA,NA
"2753",NA,"VCT",2012,NA,NA
"2754",NA,"VCT",2013,NA,NA
"2755",NA,"VCT",2014,NA,NA
"2756",NA,"VCT",2015,NA,NA
"2757",NA,"VCT",2016,NA,NA
"2758",NA,"VCT",2017,NA,NA
"2759",NA,"VCT",2018,NA,NA
"2760",NA,"VCT",2019,NA,NA
"2761",NA,"WSM",2000,NA,NA
"2762",NA,"WSM",2001,NA,NA
"2763",NA,"WSM",2002,NA,NA
"2764",NA,"WSM",2003,NA,NA
"2765",NA,"WSM",2004,NA,NA
"2766",NA,"WSM",2005,NA,NA
"2767",NA,"WSM",2006,NA,NA
"2768",NA,"WSM",2007,NA,NA
"2769",NA,"WSM",2008,NA,NA
"2770",NA,"WSM",2009,NA,NA
"2771",NA,"WSM",2010,NA,NA
"2772",NA,"WSM",2011,NA,NA
"2773",NA,"WSM",2012,NA,NA
"2774",NA,"WSM",2013,NA,NA
"2775",NA,"WSM",2014,NA,NA
"2776",NA,"WSM",2015,NA,NA
"2777",NA,"WSM",2016,NA,NA
"2778",NA,"WSM",2017,NA,NA
"2779",NA,"WSM",2018,NA,NA
"2780",NA,"WSM",2019,NA,NA
"2781",NA,"STP",2000,NA,NA
"2782",NA,"STP",2001,NA,NA
"2783",NA,"STP",2002,NA,NA
"2784",NA,"STP",2003,NA,NA
"2785",NA,"STP",2004,NA,NA
"2786",NA,"STP",2005,NA,NA
"2787",NA,"STP",2006,NA,NA
"2788",NA,"STP",2007,NA,NA
"2789",NA,"STP",2008,NA,NA
"2790",NA,"STP",2009,NA,NA
"2791",NA,"STP",2010,NA,NA
"2792",NA,"STP",2011,NA,NA
"2793",NA,"STP",2012,NA,NA
"2794",NA,"STP",2013,NA,NA
"2795",NA,"STP",2014,NA,NA
"2796",NA,"STP",2015,NA,NA
"2797",NA,"STP",2016,NA,NA
"2798",NA,"STP",2017,NA,NA
"2799",NA,"STP",2018,NA,NA
"2800",NA,"STP",2019,NA,NA
"2801",NA,"SAU",2000,NA,NA
"2802",NA,"SAU",2001,NA,NA
"2803",NA,"SAU",2002,NA,NA
"2804",608,"SAU",2003,26,1
"2805",418,"SAU",2004,7,1
"2806",418,"SAU",2005,0,0
"2807",418,"SAU",2006,4,1
"2808",418,"SAU",2007,2,1
"2809",NA,"SAU",2008,NA,NA
"2810",NA,"SAU",2009,NA,NA
"2811",NA,"SAU",2010,NA,NA
"2812",NA,"SAU",2011,NA,NA
"2813",NA,"SAU",2012,NA,NA
"2814",NA,"SAU",2013,NA,NA
"2815",NA,"SAU",2014,NA,NA
"2816",506,"SAU",2015,21,1
"2817",506,"SAU",2016,4,1
"2818",230,"SAU",2017,1,1
"2819",230,"SAU",2018,2,1
"2820",NA,"SAU",2019,NA,NA
"2821",375,"SEN",2000,2,1
"2822",375,"SEN",2001,4,1
"2823",375,"SEN",2002,1,1
"2824",375,"SEN",2003,15,1
"2825",375,"SEN",2004,3,1
"2826",375,"SEN",2005,1,1
"2827",375,"SEN",2006,1,1
"2828",NA,"SEN",2007,NA,NA
"2829",375,"SEN",2008,1,1
"2830",375,"SEN",2009,1,1
"2831",375,"SEN",2010,2,1
"2832",375,"SEN",2011,2,1
"2833",375,"SEN",2012,1,1
"2834",375,"SEN",2013,4,1
"2835",NA,"SEN",2014,NA,NA
"2836",NA,"SEN",2015,NA,NA
"2837",NA,"SEN",2016,NA,NA
"2838",NA,"SEN",2017,NA,NA
"2839",455,"SEN",2018,1,1
"2840",NA,"SEN",2019,NA,NA
"2841",NA,"SRB",2000,NA,NA
"2842",417,"SRB",2001,0,0
"2843",NA,"SRB",2002,NA,NA
"2844",NA,"SRB",2003,NA,NA
"2845",NA,"SRB",2004,NA,NA
"2846",NA,"SRB",2005,NA,NA
"2847",NA,"SRB",2006,NA,NA
"2848",NA,"SRB",2007,NA,NA
"2849",NA,"SRB",2008,NA,NA
"2850",NA,"SRB",2009,NA,NA
"2851",NA,"SRB",2010,NA,NA
"2852",NA,"SRB",2011,NA,NA
"2853",NA,"SRB",2012,NA,NA
"2854",NA,"SRB",2013,NA,NA
"2855",NA,"SRB",2014,NA,NA
"2856",NA,"SRB",2015,NA,NA
"2857",NA,"SRB",2016,NA,NA
"2858",NA,"SRB",2017,NA,NA
"2859",NA,"SRB",2018,NA,NA
"2860",NA,"SRB",2019,NA,NA
"2861",NA,"SYC",2000,NA,NA
"2862",NA,"SYC",2001,NA,NA
"2863",NA,"SYC",2002,NA,NA
"2864",NA,"SYC",2003,NA,NA
"2865",NA,"SYC",2004,NA,NA
"2866",NA,"SYC",2005,NA,NA
"2867",NA,"SYC",2006,NA,NA
"2868",NA,"SYC",2007,NA,NA
"2869",NA,"SYC",2008,NA,NA
"2870",NA,"SYC",2009,NA,NA
"2871",NA,"SYC",2010,NA,NA
"2872",NA,"SYC",2011,NA,NA
"2873",NA,"SYC",2012,NA,NA
"2874",NA,"SYC",2013,NA,NA
"2875",NA,"SYC",2014,NA,NA
"2876",NA,"SYC",2015,NA,NA
"2877",NA,"SYC",2016,NA,NA
"2878",NA,"SYC",2017,NA,NA
"2879",NA,"SYC",2018,NA,NA
"2880",NA,"SYC",2019,NA,NA
"2881",382,"SLE",2000,101,1
"2882",307,"SLE",2001,2,1
"2883",566,"SLE",2002,1,1
"2884",NA,"SLE",2003,NA,NA
"2885",NA,"SLE",2004,NA,NA
"2886",NA,"SLE",2005,NA,NA
"2887",NA,"SLE",2006,NA,NA
"2888",NA,"SLE",2007,NA,NA
"2889",NA,"SLE",2008,NA,NA
"2890",NA,"SLE",2009,NA,NA
"2891",NA,"SLE",2010,NA,NA
"2892",NA,"SLE",2011,NA,NA
"2893",NA,"SLE",2012,NA,NA
"2894",NA,"SLE",2013,NA,NA
"2895",NA,"SLE",2014,NA,NA
"2896",NA,"SLE",2015,NA,NA
"2897",NA,"SLE",2016,NA,NA
"2898",NA,"SLE",2017,NA,NA
"2899",NA,"SLE",2018,NA,NA
"2900",NA,"SLE",2019,NA,NA
"2901",NA,"SGP",2000,NA,NA
"2902",NA,"SGP",2001,NA,NA
"2903",NA,"SGP",2002,NA,NA
"2904",NA,"SGP",2003,NA,NA
"2905",NA,"SGP",2004,NA,NA
"2906",NA,"SGP",2005,NA,NA
"2907",NA,"SGP",2006,NA,NA
"2908",NA,"SGP",2007,NA,NA
"2909",NA,"SGP",2008,NA,NA
"2910",NA,"SGP",2009,NA,NA
"2911",NA,"SGP",2010,NA,NA
"2912",NA,"SGP",2011,NA,NA
"2913",NA,"SGP",2012,NA,NA
"2914",NA,"SGP",2013,NA,NA
"2915",NA,"SGP",2014,NA,NA
"2916",NA,"SGP",2015,NA,NA
"2917",NA,"SGP",2016,NA,NA
"2918",NA,"SGP",2017,NA,NA
"2919",NA,"SGP",2018,NA,NA
"2920",NA,"SGP",2019,NA,NA
"2921",NA,"SVK",2000,NA,NA
"2922",NA,"SVK",2001,NA,NA
"2923",NA,"SVK",2002,NA,NA
"2924",NA,"SVK",2003,NA,NA
"2925",NA,"SVK",2004,NA,NA
"2926",NA,"SVK",2005,NA,NA
"2927",NA,"SVK",2006,NA,NA
"2928",NA,"SVK",2007,NA,NA
"2929",NA,"SVK",2008,NA,NA
"2930",NA,"SVK",2009,NA,NA
"2931",NA,"SVK",2010,NA,NA
"2932",NA,"SVK",2011,NA,NA
"2933",NA,"SVK",2012,NA,NA
"2934",NA,"SVK",2013,NA,NA
"2935",NA,"SVK",2014,NA,NA
"2936",NA,"SVK",2015,NA,NA
"2937",NA,"SVK",2016,NA,NA
"2938",NA,"SVK",2017,NA,NA
"2939",NA,"SVK",2018,NA,NA
"2940",NA,"SVK",2019,NA,NA
"2941",NA,"SVN",2000,NA,NA
"2942",NA,"SVN",2001,NA,NA
"2943",NA,"SVN",2002,NA,NA
"2944",NA,"SVN",2003,NA,NA
"2945",NA,"SVN",2004,NA,NA
"2946",NA,"SVN",2005,NA,NA
"2947",NA,"SVN",2006,NA,NA
"2948",NA,"SVN",2007,NA,NA
"2949",NA,"SVN",2008,NA,NA
"2950",NA,"SVN",2009,NA,NA
"2951",NA,"SVN",2010,NA,NA
"2952",NA,"SVN",2011,NA,NA
"2953",NA,"SVN",2012,NA,NA
"2954",NA,"SVN",2013,NA,NA
"2955",NA,"SVN",2014,NA,NA
"2956",NA,"SVN",2015,NA,NA
"2957",NA,"SVN",2016,NA,NA
"2958",NA,"SVN",2017,NA,NA
"2959",NA,"SVN",2018,NA,NA
"2960",NA,"SVN",2019,NA,NA
"2961",NA,"SLB",2000,NA,NA
"2962",NA,"SLB",2001,NA,NA
"2963",NA,"SLB",2002,NA,NA
"2964",NA,"SLB",2003,NA,NA
"2965",NA,"SLB",2004,NA,NA
"2966",NA,"SLB",2005,NA,NA
"2967",NA,"SLB",2006,NA,NA
"2968",NA,"SLB",2007,NA,NA
"2969",NA,"SLB",2008,NA,NA
"2970",NA,"SLB",2009,NA,NA
"2971",NA,"SLB",2010,NA,NA
"2972",NA,"SLB",2011,NA,NA
"2973",NA,"SLB",2012,NA,NA
"2974",NA,"SLB",2013,NA,NA
"2975",NA,"SLB",2014,NA,NA
"2976",NA,"SLB",2015,NA,NA
"2977",NA,"SLB",2016,NA,NA
"2978",NA,"SLB",2017,NA,NA
"2979",NA,"SLB",2018,NA,NA
"2980",NA,"SLB",2019,NA,NA
"2981",595,"SOM",2000,2,1
"2982",337,"SOM",2001,42,1
"2983",337,"SOM",2002,15,1
"2984",595,"SOM",2003,4,1
"2985",329,"SOM",2004,0,0
"2986",4628,"SOM",2005,21,1
"2987",337,"SOM",2006,0,0
"2988",337,"SOM",2007,1,1
"2989",337,"SOM",2008,7,1
"2990",337,"SOM",2009,5,1
"2991",329,"SOM",2010,0,0
"2992",337,"SOM",2011,19,1
"2993",337,"SOM",2012,17,1
"2994",337,"SOM",2013,3,1
"2995",337,"SOM",2014,11,1
"2996",337,"SOM",2015,1,1
"2997",337,"SOM",2016,3,1
"2998",337,"SOM",2017,1,1
"2999",337,"SOM",2018,2,1
"3000",NA,"SOM",2019,NA,NA
"3001",4840,"ZAF",2000,0,0
"3002",NA,"ZAF",2001,NA,NA
"3003",477,"ZAF",2002,0,0
"3004",NA,"ZAF",2003,NA,NA
"3005",4840,"ZAF",2004,0,0
"3006",NA,"ZAF",2005,NA,NA
"3007",NA,"ZAF",2006,NA,NA
"3008",NA,"ZAF",2007,NA,NA
"3009",NA,"ZAF",2008,NA,NA
"3010",NA,"ZAF",2009,NA,NA
"3011",477,"ZAF",2010,1,1
"3012",NA,"ZAF",2011,NA,NA
"3013",NA,"ZAF",2012,NA,NA
"3014",NA,"ZAF",2013,NA,NA
"3015",NA,"ZAF",2014,NA,NA
"3016",477,"ZAF",2015,0,0
"3017",477,"ZAF",2016,0,0
"3018",NA,"ZAF",2017,NA,NA
"3019",506,"ZAF",2018,1,1
"3020",NA,"ZAF",2019,NA,NA
"3021",NA,"KOR",2000,NA,NA
"3022",NA,"KOR",2001,NA,NA
"3023",NA,"KOR",2002,NA,NA
"3024",NA,"KOR",2003,NA,NA
"3025",NA,"KOR",2004,NA,NA
"3026",NA,"KOR",2005,NA,NA
"3027",NA,"KOR",2006,NA,NA
"3028",NA,"KOR",2007,NA,NA
"3029",NA,"KOR",2008,NA,NA
"3030",NA,"KOR",2009,NA,NA
"3031",NA,"KOR",2010,NA,NA
"3032",NA,"KOR",2011,NA,NA
"3033",NA,"KOR",2012,NA,NA
"3034",NA,"KOR",2013,NA,NA
"3035",NA,"KOR",2014,NA,NA
"3036",NA,"KOR",2015,NA,NA
"3037",NA,"KOR",2016,NA,NA
"3038",NA,"KOR",2017,NA,NA
"3039",NA,"KOR",2018,NA,NA
"3040",NA,"KOR",2019,NA,NA
"3041",NA,"SSD",2000,NA,NA
"3042",NA,"SSD",2001,NA,NA
"3043",NA,"SSD",2002,NA,NA
"3044",NA,"SSD",2003,NA,NA
"3045",NA,"SSD",2004,NA,NA
"3046",NA,"SSD",2005,NA,NA
"3047",NA,"SSD",2006,NA,NA
"3048",NA,"SSD",2007,NA,NA
"3049",NA,"SSD",2008,NA,NA
"3050",NA,"SSD",2009,NA,NA
"3051",NA,"SSD",2010,NA,NA
"3052",314,"SSD",2011,4,1
"3053",480,"SSD",2012,3,1
"3054",480,"SSD",2013,0,0
"3055",708,"SSD",2014,1,1
"3056",559,"SSD",2015,0,0
"3057",556,"SSD",2016,0,0
"3058",708,"SSD",2017,1,1
"3059",556,"SSD",2018,1,1
"3060",NA,"SSD",2019,NA,NA
"3061",342,"ESP",2000,1,1
"3062",342,"ESP",2001,1,1
"3063",342,"ESP",2002,1,1
"3064",342,"ESP",2003,1,1
"3065",537,"ESP",2004,191,1
"3066",NA,"ESP",2005,NA,NA
"3067",NA,"ESP",2006,NA,NA
"3068",NA,"ESP",2007,NA,NA
"3069",342,"ESP",2008,1,1
"3070",342,"ESP",2009,1,1
"3071",NA,"ESP",2010,NA,NA
"3072",342,"ESP",2011,1,1
"3073",NA,"ESP",2012,NA,NA
"3074",NA,"ESP",2013,NA,NA
"3075",NA,"ESP",2014,NA,NA
"3076",NA,"ESP",2015,NA,NA
"3077",NA,"ESP",2016,NA,NA
"3078",506,"ESP",2017,14,1
"3079",NA,"ESP",2018,NA,NA
"3080",NA,"ESP",2019,NA,NA
"3081",352,"LKA",2000,63,1
"3082",352,"LKA",2001,7,1
"3083",352,"LKA",2002,3,1
"3084",352,"LKA",2003,1,1
"3085",352,"LKA",2004,1,1
"3086",352,"LKA",2005,1,1
"3087",352,"LKA",2006,31,1
"3088",352,"LKA",2007,2,1
"3089",352,"LKA",2008,1,1
"3090",352,"LKA",2009,17,1
"3091",NA,"LKA",2010,NA,NA
"3092",489,"LKA",2011,1,1
"3093",NA,"LKA",2012,NA,NA
"3094",489,"LKA",2013,5,1
"3095",NA,"LKA",2014,NA,NA
"3096",NA,"LKA",2015,NA,NA
"3097",NA,"LKA",2016,NA,NA
"3098",489,"LKA",2017,1,1
"3099",NA,"LKA",2018,NA,NA
"3100",NA,"LKA",2019,NA,NA
"3101",309,"SDN",2000,15,1
"3102",309,"SDN",2001,2,1
"3103",309,"SDN",2002,67,1
"3104",309,"SDN",2003,44,1
"3105",309,"SDN",2004,49,1
"3106",309,"SDN",2005,24,1
"3107",309,"SDN",2006,50,1
"3108",309,"SDN",2007,9,1
"3109",309,"SDN",2008,4,1
"3110",309,"SDN",2009,5,1
"3111",288,"SDN",2010,7,1
"3112",309,"SDN",2011,0,0
"3113",480,"SDN",2012,2,1
"3114",309,"SDN",2013,3,1
"3115",480,"SDN",2014,1,1
"3116",480,"SDN",2015,2,1
"3117",309,"SDN",2016,1,1
"3118",309,"SDN",2017,11,1
"3119",309,"SDN",2018,1,1
"3120",NA,"SDN",2019,NA,NA
"3121",NA,"SUR",2000,NA,NA
"3122",NA,"SUR",2001,NA,NA
"3123",NA,"SUR",2002,NA,NA
"3124",NA,"SUR",2003,NA,NA
"3125",NA,"SUR",2004,NA,NA
"3126",NA,"SUR",2005,NA,NA
"3127",NA,"SUR",2006,NA,NA
"3128",NA,"SUR",2007,NA,NA
"3129",NA,"SUR",2008,NA,NA
"3130",NA,"SUR",2009,NA,NA
"3131",NA,"SUR",2010,NA,NA
"3132",NA,"SUR",2011,NA,NA
"3133",NA,"SUR",2012,NA,NA
"3134",NA,"SUR",2013,NA,NA
"3135",NA,"SUR",2014,NA,NA
"3136",NA,"SUR",2015,NA,NA
"3137",NA,"SUR",2016,NA,NA
"3138",NA,"SUR",2017,NA,NA
"3139",NA,"SUR",2018,NA,NA
"3140",NA,"SUR",2019,NA,NA
"3141",NA,"SWZ",2000,NA,NA
"3142",NA,"SWZ",2001,NA,NA
"3143",NA,"SWZ",2002,NA,NA
"3144",NA,"SWZ",2003,NA,NA
"3145",NA,"SWZ",2004,NA,NA
"3146",NA,"SWZ",2005,NA,NA
"3147",NA,"SWZ",2006,NA,NA
"3148",NA,"SWZ",2007,NA,NA
"3149",NA,"SWZ",2008,NA,NA
"3150",NA,"SWZ",2009,NA,NA
"3151",NA,"SWZ",2010,NA,NA
"3152",NA,"SWZ",2011,NA,NA
"3153",NA,"SWZ",2012,NA,NA
"3154",NA,"SWZ",2013,NA,NA
"3155",NA,"SWZ",2014,NA,NA
"3156",NA,"SWZ",2015,NA,NA
"3157",NA,"SWZ",2016,NA,NA
"3158",NA,"SWZ",2017,NA,NA
"3159",NA,"SWZ",2018,NA,NA
"3160",NA,"SWZ",2019,NA,NA
"3161",NA,"SWE",2000,NA,NA
"3162",NA,"SWE",2001,NA,NA
"3163",NA,"SWE",2002,NA,NA
"3164",NA,"SWE",2003,NA,NA
"3165",NA,"SWE",2004,NA,NA
"3166",NA,"SWE",2005,NA,NA
"3167",NA,"SWE",2006,NA,NA
"3168",NA,"SWE",2007,NA,NA
"3169",NA,"SWE",2008,NA,NA
"3170",NA,"SWE",2009,NA,NA
"3171",NA,"SWE",2010,NA,NA
"3172",NA,"SWE",2011,NA,NA
"3173",NA,"SWE",2012,NA,NA
"3174",NA,"SWE",2013,NA,NA
"3175",NA,"SWE",2014,NA,NA
"3176",NA,"SWE",2015,NA,NA
"3177",NA,"SWE",2016,NA,NA
"3178",506,"SWE",2017,5,1
"3179",NA,"SWE",2018,NA,NA
"3180",NA,"SWE",2019,NA,NA
"3181",NA,"CHE",2000,NA,NA
"3182",NA,"CHE",2001,NA,NA
"3183",NA,"CHE",2002,NA,NA
"3184",NA,"CHE",2003,NA,NA
"3185",NA,"CHE",2004,NA,NA
"3186",NA,"CHE",2005,NA,NA
"3187",NA,"CHE",2006,NA,NA
"3188",NA,"CHE",2007,NA,NA
"3189",NA,"CHE",2008,NA,NA
"3190",NA,"CHE",2009,NA,NA
"3191",NA,"CHE",2010,NA,NA
"3192",NA,"CHE",2011,NA,NA
"3193",NA,"CHE",2012,NA,NA
"3194",NA,"CHE",2013,NA,NA
"3195",NA,"CHE",2014,NA,NA
"3196",NA,"CHE",2015,NA,NA
"3197",NA,"CHE",2016,NA,NA
"3198",NA,"CHE",2017,NA,NA
"3199",NA,"CHE",2018,NA,NA
"3200",NA,"CHE",2019,NA,NA
"3201",NA,"SYR",2000,NA,NA
"3202",NA,"SYR",2001,NA,NA
"3203",NA,"SYR",2002,NA,NA
"3204",NA,"SYR",2003,NA,NA
"3205",234,"SYR",2004,1,1
"3206",NA,"SYR",2005,NA,NA
"3207",NA,"SYR",2006,NA,NA
"3208",NA,"SYR",2007,NA,NA
"3209",426,"SYR",2008,1,1
"3210",NA,"SYR",2009,NA,NA
"3211",NA,"SYR",2010,NA,NA
"3212",711,"SYR",2011,4,1
"3213",711,"SYR",2012,1,1
"3214",259,"SYR",2013,0,0
"3215",259,"SYR",2014,0,0
"3216",259,"SYR",2015,6,1
"3217",259,"SYR",2016,6,1
"3218",259,"SYR",2017,1,1
"3219",259,"SYR",2018,3,1
"3220",NA,"SYR",2019,NA,NA
"3221",395,"TJK",2000,33,1
"3222",NA,"TJK",2001,NA,NA
"3223",NA,"TJK",2002,NA,NA
"3224",NA,"TJK",2003,NA,NA
"3225",NA,"TJK",2004,NA,NA
"3226",395,"TJK",2005,1,1
"3227",415,"TJK",2006,0,0
"3228",NA,"TJK",2007,NA,NA
"3229",NA,"TJK",2008,NA,NA
"3230",395,"TJK",2009,1,1
"3231",395,"TJK",2010,3,1
"3232",395,"TJK",2011,8,1
"3233",NA,"TJK",2012,NA,NA
"3234",395,"TJK",2013,2,1
"3235",13324,"TJK",2014,1,1
"3236",NA,"TJK",2015,NA,NA
"3237",NA,"TJK",2016,NA,NA
"3238",NA,"TJK",2017,NA,NA
"3239",506,"TJK",2018,4,1
"3240",NA,"TJK",2019,NA,NA
"3241",NA,"TZA",2000,NA,NA
"3242",470,"TZA",2001,2,1
"3243",NA,"TZA",2002,NA,NA
"3244",NA,"TZA",2003,NA,NA
"3245",NA,"TZA",2004,NA,NA
"3246",NA,"TZA",2005,NA,NA
"3247",NA,"TZA",2006,NA,NA
"3248",569,"TZA",2007,3,1
"3249",NA,"TZA",2008,NA,NA
"3250",NA,"TZA",2009,NA,NA
"3251",NA,"TZA",2010,NA,NA
"3252",NA,"TZA",2011,NA,NA
"3253",NA,"TZA",2012,NA,NA
"3254",NA,"TZA",2013,NA,NA
"3255",NA,"TZA",2014,NA,NA
"3256",NA,"TZA",2015,NA,NA
"3257",NA,"TZA",2016,NA,NA
"3258",471,"TZA",2017,1,1
"3259",470,"TZA",2018,1,1
"3260",NA,"TZA",2019,NA,NA
"3261",221,"THA",2000,8,1
"3262",221,"THA",2001,20,1
"3263",264,"THA",2002,23,1
"3264",423,"THA",2003,2,1
"3265",423,"THA",2004,4,1
"3266",253,"THA",2005,3,1
"3267",423,"THA",2006,1,1
"3268",253,"THA",2007,1,1
"3269",221,"THA",2008,18,1
"3270",423,"THA",2009,1,1
"3271",221,"THA",2010,7,1
"3272",294,"THA",2011,1,1
"3273",423,"THA",2012,1,1
"3274",423,"THA",2013,1,1
"3275",423,"THA",2014,1,1
"3276",423,"THA",2015,1,1
"3277",423,"THA",2016,1,1
"3278",423,"THA",2017,1,1
"3279",423,"THA",2018,1,1
"3280",NA,"THA",2019,NA,NA
"3281",NA,"BHS",2000,NA,NA
"3282",NA,"BHS",2001,NA,NA
"3283",NA,"BHS",2002,NA,NA
"3284",NA,"BHS",2003,NA,NA
"3285",NA,"BHS",2004,NA,NA
"3286",NA,"BHS",2005,NA,NA
"3287",NA,"BHS",2006,NA,NA
"3288",NA,"BHS",2007,NA,NA
"3289",NA,"BHS",2008,NA,NA
"3290",NA,"BHS",2009,NA,NA
"3291",NA,"BHS",2010,NA,NA
"3292",NA,"BHS",2011,NA,NA
"3293",NA,"BHS",2012,NA,NA
"3294",NA,"BHS",2013,NA,NA
"3295",NA,"BHS",2014,NA,NA
"3296",NA,"BHS",2015,NA,NA
"3297",NA,"BHS",2016,NA,NA
"3298",NA,"BHS",2017,NA,NA
"3299",NA,"BHS",2018,NA,NA
"3300",NA,"BHS",2019,NA,NA
"3301",NA,"GMB",2000,NA,NA
"3302",NA,"GMB",2001,NA,NA
"3303",NA,"GMB",2002,NA,NA
"3304",NA,"GMB",2003,NA,NA
"3305",693,"GMB",2004,1,1
"3306",693,"GMB",2005,8,1
"3307",NA,"GMB",2006,NA,NA
"3308",NA,"GMB",2007,NA,NA
"3309",NA,"GMB",2008,NA,NA
"3310",NA,"GMB",2009,NA,NA
"3311",NA,"GMB",2010,NA,NA
"3312",NA,"GMB",2011,NA,NA
"3313",693,"GMB",2012,1,1
"3314",NA,"GMB",2013,NA,NA
"3315",NA,"GMB",2014,NA,NA
"3316",NA,"GMB",2015,NA,NA
"3317",NA,"GMB",2016,NA,NA
"3318",NA,"GMB",2017,NA,NA
"3319",NA,"GMB",2018,NA,NA
"3320",NA,"GMB",2019,NA,NA
"3321",NA,"TLS",2000,NA,NA
"3322",NA,"TLS",2001,NA,NA
"3323",NA,"TLS",2002,NA,NA
"3324",NA,"TLS",2003,NA,NA
"3325",NA,"TLS",2004,NA,NA
"3326",NA,"TLS",2005,NA,NA
"3327",NA,"TLS",2006,NA,NA
"3328",NA,"TLS",2007,NA,NA
"3329",NA,"TLS",2008,NA,NA
"3330",NA,"TLS",2009,NA,NA
"3331",NA,"TLS",2010,NA,NA
"3332",NA,"TLS",2011,NA,NA
"3333",NA,"TLS",2012,NA,NA
"3334",NA,"TLS",2013,NA,NA
"3335",NA,"TLS",2014,NA,NA
"3336",NA,"TLS",2015,NA,NA
"3337",NA,"TLS",2016,NA,NA
"3338",NA,"TLS",2017,NA,NA
"3339",NA,"TLS",2018,NA,NA
"3340",NA,"TLS",2019,NA,NA
"3341",NA,"TGO",2000,NA,NA
"3342",NA,"TGO",2001,NA,NA
"3343",NA,"TGO",2002,NA,NA
"3344",NA,"TGO",2003,NA,NA
"3345",NA,"TGO",2004,NA,NA
"3346",461,"TGO",2005,2,1
"3347",NA,"TGO",2006,NA,NA
"3348",NA,"TGO",2007,NA,NA
"3349",NA,"TGO",2008,NA,NA
"3350",NA,"TGO",2009,NA,NA
"3351",NA,"TGO",2010,NA,NA
"3352",NA,"TGO",2011,NA,NA
"3353",NA,"TGO",2012,NA,NA
"3354",NA,"TGO",2013,NA,NA
"3355",NA,"TGO",2014,NA,NA
"3356",NA,"TGO",2015,NA,NA
"3357",NA,"TGO",2016,NA,NA
"3358",NA,"TGO",2017,NA,NA
"3359",NA,"TGO",2018,NA,NA
"3360",NA,"TGO",2019,NA,NA
"3361",NA,"TON",2000,NA,NA
"3362",NA,"TON",2001,NA,NA
"3363",NA,"TON",2002,NA,NA
"3364",NA,"TON",2003,NA,NA
"3365",NA,"TON",2004,NA,NA
"3366",NA,"TON",2005,NA,NA
"3367",NA,"TON",2006,NA,NA
"3368",NA,"TON",2007,NA,NA
"3369",NA,"TON",2008,NA,NA
"3370",NA,"TON",2009,NA,NA
"3371",NA,"TON",2010,NA,NA
"3372",NA,"TON",2011,NA,NA
"3373",NA,"TON",2012,NA,NA
"3374",NA,"TON",2013,NA,NA
"3375",NA,"TON",2014,NA,NA
"3376",NA,"TON",2015,NA,NA
"3377",NA,"TON",2016,NA,NA
"3378",NA,"TON",2017,NA,NA
"3379",NA,"TON",2018,NA,NA
"3380",NA,"TON",2019,NA,NA
"3381",NA,"TTO",2000,NA,NA
"3382",NA,"TTO",2001,NA,NA
"3383",NA,"TTO",2002,NA,NA
"3384",NA,"TTO",2003,NA,NA
"3385",NA,"TTO",2004,NA,NA
"3386",NA,"TTO",2005,NA,NA
"3387",NA,"TTO",2006,NA,NA
"3388",NA,"TTO",2007,NA,NA
"3389",NA,"TTO",2008,NA,NA
"3390",NA,"TTO",2009,NA,NA
"3391",NA,"TTO",2010,NA,NA
"3392",NA,"TTO",2011,NA,NA
"3393",NA,"TTO",2012,NA,NA
"3394",NA,"TTO",2013,NA,NA
"3395",NA,"TTO",2014,NA,NA
"3396",NA,"TTO",2015,NA,NA
"3397",NA,"TTO",2016,NA,NA
"3398",NA,"TTO",2017,NA,NA
"3399",NA,"TTO",2018,NA,NA
"3400",NA,"TTO",2019,NA,NA
"3401",NA,"TUN",2000,NA,NA
"3402",NA,"TUN",2001,NA,NA
"3403",608,"TUN",2002,21,1
"3404",NA,"TUN",2003,NA,NA
"3405",NA,"TUN",2004,NA,NA
"3406",NA,"TUN",2005,NA,NA
"3407",NA,"TUN",2006,NA,NA
"3408",NA,"TUN",2007,NA,NA
"3409",NA,"TUN",2008,NA,NA
"3410",NA,"TUN",2009,NA,NA
"3411",NA,"TUN",2010,NA,NA
"3412",343,"TUN",2011,7,1
"3413",343,"TUN",2012,2,1
"3414",343,"TUN",2013,1,1
"3415",343,"TUN",2014,1,1
"3416",506,"TUN",2015,21,1
"3417",343,"TUN",2016,1,1
"3418",343,"TUN",2017,2,1
"3419",573,"TUN",2018,1,1
"3420",NA,"TUN",2019,NA,NA
"3421",354,"TUR",2000,8,1
"3422",354,"TUR",2001,6,1
"3423",354,"TUR",2002,2,1
"3424",354,"TUR",2003,1,1
"3425",354,"TUR",2004,1,1
"3426",354,"TUR",2005,2,1
"3427",354,"TUR",2006,0,0
"3428",354,"TUR",2007,1,1
"3429",354,"TUR",2008,7,1
"3430",354,"TUR",2009,1,1
"3431",354,"TUR",2010,7,1
"3432",354,"TUR",2011,3,1
"3433",354,"TUR",2012,5,1
"3434",354,"TUR",2013,15,1
"3435",354,"TUR",2014,1,1
"3436",354,"TUR",2015,1,1
"3437",354,"TUR",2016,1,1
"3438",354,"TUR",2017,3,1
"3439",354,"TUR",2018,2,1
"3440",NA,"TUR",2019,NA,NA
"3441",NA,"TKM",2000,NA,NA
"3442",NA,"TKM",2001,NA,NA
"3443",NA,"TKM",2002,NA,NA
"3444",NA,"TKM",2003,NA,NA
"3445",NA,"TKM",2004,NA,NA
"3446",NA,"TKM",2005,NA,NA
"3447",NA,"TKM",2006,NA,NA
"3448",NA,"TKM",2007,NA,NA
"3449",NA,"TKM",2008,NA,NA
"3450",NA,"TKM",2009,NA,NA
"3451",NA,"TKM",2010,NA,NA
"3452",NA,"TKM",2011,NA,NA
"3453",NA,"TKM",2012,NA,NA
"3454",NA,"TKM",2013,NA,NA
"3455",NA,"TKM",2014,NA,NA
"3456",NA,"TKM",2015,NA,NA
"3457",NA,"TKM",2016,NA,NA
"3458",NA,"TKM",2017,NA,NA
"3459",NA,"TKM",2018,NA,NA
"3460",NA,"TKM",2019,NA,NA
"3461",314,"UGA",2000,9,1
"3462",314,"UGA",2001,17,1
"3463",314,"UGA",2002,6,1
"3464",314,"UGA",2003,6,1
"3465",314,"UGA",2004,2,1
"3466",314,"UGA",2005,18,1
"3467",283,"UGA",2006,7,1
"3468",314,"UGA",2007,2,1
"3469",467,"UGA",2008,1,1
"3470",468,"UGA",2009,7,1
"3471",604,"UGA",2010,74,1
"3472",NA,"UGA",2011,NA,NA
"3473",NA,"UGA",2012,NA,NA
"3474",NA,"UGA",2013,NA,NA
"3475",468,"UGA",2014,7,1
"3476",NA,"UGA",2015,NA,NA
"3477",13749,"UGA",2016,23,1
"3478",11345,"UGA",2017,0,0
"3479",468,"UGA",2018,1,1
"3480",NA,"UGA",2019,NA,NA
"3481",NA,"UKR",2000,NA,NA
"3482",NA,"UKR",2001,NA,NA
"3483",NA,"UKR",2002,NA,NA
"3484",NA,"UKR",2003,NA,NA
"3485",NA,"UKR",2004,NA,NA
"3486",NA,"UKR",2005,NA,NA
"3487",NA,"UKR",2006,NA,NA
"3488",NA,"UKR",2007,NA,NA
"3489",NA,"UKR",2008,NA,NA
"3490",NA,"UKR",2009,NA,NA
"3491",NA,"UKR",2010,NA,NA
"3492",NA,"UKR",2011,NA,NA
"3493",NA,"UKR",2012,NA,NA
"3494",NA,"UKR",2013,NA,NA
"3495",13219,"UKR",2014,5,1
"3496",13247,"UKR",2015,1,1
"3497",13306,"UKR",2016,1,1
"3498",13306,"UKR",2017,80,1
"3499",13306,"UKR",2018,2,1
"3500",NA,"UKR",2019,NA,NA
"3501",NA,"ARE",2000,NA,NA
"3502",NA,"ARE",2001,NA,NA
"3503",NA,"ARE",2002,NA,NA
"3504",NA,"ARE",2003,NA,NA
"3505",NA,"ARE",2004,NA,NA
"3506",NA,"ARE",2005,NA,NA
"3507",NA,"ARE",2006,NA,NA
"3508",NA,"ARE",2007,NA,NA
"3509",NA,"ARE",2008,NA,NA
"3510",NA,"ARE",2009,NA,NA
"3511",234,"ARE",2010,1,1
"3512",NA,"ARE",2011,NA,NA
"3513",NA,"ARE",2012,NA,NA
"3514",NA,"ARE",2013,NA,NA
"3515",NA,"ARE",2014,NA,NA
"3516",NA,"ARE",2015,NA,NA
"3517",NA,"ARE",2016,NA,NA
"3518",NA,"ARE",2017,NA,NA
"3519",NA,"ARE",2018,NA,NA
"3520",NA,"ARE",2019,NA,NA
"3521",11820,"GBR",2000,1,1
"3522",11820,"GBR",2001,1,1
"3523",11820,"GBR",2002,1,1
"3524",11820,"GBR",2003,0,0
"3525",11820,"GBR",2004,1,1
"3526",608,"GBR",2005,52,1
"3527",11820,"GBR",2006,0,0
"3528",NA,"GBR",2007,NA,NA
"3529",NA,"GBR",2008,NA,NA
"3530",315,"GBR",2009,2,1
"3531",NA,"GBR",2010,NA,NA
"3532",315,"GBR",2011,1,1
"3533",NA,"GBR",2012,NA,NA
"3534",NA,"GBR",2013,NA,NA
"3535",NA,"GBR",2014,NA,NA
"3536",NA,"GBR",2015,NA,NA
"3537",NA,"GBR",2016,NA,NA
"3538",NA,"GBR",2017,NA,NA
"3539",NA,"GBR",2018,NA,NA
"3540",NA,"GBR",2019,NA,NA
"3541",NA,"USA",2000,NA,NA
"3542",418,"USA",2001,189,1
"3543",NA,"USA",2002,NA,NA
"3544",NA,"USA",2003,NA,NA
"3545",NA,"USA",2004,NA,NA
"3546",NA,"USA",2005,NA,NA
"3547",NA,"USA",2006,NA,NA
"3548",NA,"USA",2007,NA,NA
"3549",NA,"USA",2008,NA,NA
"3550",NA,"USA",2009,NA,NA
"3551",4933,"USA",2010,2,1
"3552",NA,"USA",2011,NA,NA
"3553",NA,"USA",2012,NA,NA
"3554",NA,"USA",2013,NA,NA
"3555",NA,"USA",2014,NA,NA
"3556",506,"USA",2015,14,1
"3557",NA,"USA",2016,NA,NA
"3558",506,"USA",2017,8,1
"3559",NA,"USA",2018,NA,NA
"3560",NA,"USA",2019,NA,NA
"3561",NA,"URY",2000,NA,NA
"3562",NA,"URY",2001,NA,NA
"3563",NA,"URY",2002,NA,NA
"3564",NA,"URY",2003,NA,NA
"3565",NA,"URY",2004,NA,NA
"3566",NA,"URY",2005,NA,NA
"3567",NA,"URY",2006,NA,NA
"3568",NA,"URY",2007,NA,NA
"3569",NA,"URY",2008,NA,NA
"3570",NA,"URY",2009,NA,NA
"3571",NA,"URY",2010,NA,NA
"3572",NA,"URY",2011,NA,NA
"3573",NA,"URY",2012,NA,NA
"3574",NA,"URY",2013,NA,NA
"3575",NA,"URY",2014,NA,NA
"3576",NA,"URY",2015,NA,NA
"3577",NA,"URY",2016,NA,NA
"3578",NA,"URY",2017,NA,NA
"3579",NA,"URY",2018,NA,NA
"3580",NA,"URY",2019,NA,NA
"3581",415,"UZB",2000,45,1
"3582",NA,"UZB",2001,NA,NA
"3583",NA,"UZB",2002,NA,NA
"3584",NA,"UZB",2003,NA,NA
"3585",415,"UZB",2004,4,1
"3586",NA,"UZB",2005,NA,NA
"3587",NA,"UZB",2006,NA,NA
"3588",NA,"UZB",2007,NA,NA
"3589",NA,"UZB",2008,NA,NA
"3590",415,"UZB",2009,11,1
"3591",NA,"UZB",2010,NA,NA
"3592",NA,"UZB",2011,NA,NA
"3593",NA,"UZB",2012,NA,NA
"3594",NA,"UZB",2013,NA,NA
"3595",NA,"UZB",2014,NA,NA
"3596",NA,"UZB",2015,NA,NA
"3597",NA,"UZB",2016,NA,NA
"3598",NA,"UZB",2017,NA,NA
"3599",NA,"UZB",2018,NA,NA
"3600",NA,"UZB",2019,NA,NA
"3601",NA,"VUT",2000,NA,NA
"3602",NA,"VUT",2001,NA,NA
"3603",NA,"VUT",2002,NA,NA
"3604",NA,"VUT",2003,NA,NA
"3605",NA,"VUT",2004,NA,NA
"3606",NA,"VUT",2005,NA,NA
"3607",NA,"VUT",2006,NA,NA
"3608",NA,"VUT",2007,NA,NA
"3609",NA,"VUT",2008,NA,NA
"3610",NA,"VUT",2009,NA,NA
"3611",NA,"VUT",2010,NA,NA
"3612",NA,"VUT",2011,NA,NA
"3613",NA,"VUT",2012,NA,NA
"3614",NA,"VUT",2013,NA,NA
"3615",NA,"VUT",2014,NA,NA
"3616",NA,"VUT",2015,NA,NA
"3617",NA,"VUT",2016,NA,NA
"3618",NA,"VUT",2017,NA,NA
"3619",NA,"VUT",2018,NA,NA
"3620",NA,"VUT",2019,NA,NA
"3621",447,"VEN",2000,0,0
"3622",447,"VEN",2001,1,1
"3623",447,"VEN",2002,0,0
"3624",447,"VEN",2003,0,0
"3625",447,"VEN",2004,1,1
"3626",447,"VEN",2005,1,1
"3627",447,"VEN",2006,0,0
"3628",289,"VEN",2007,2,1
"3629",447,"VEN",2008,0,0
"3630",447,"VEN",2009,0,0
"3631",447,"VEN",2010,0,0
"3632",447,"VEN",2011,1,1
"3633",447,"VEN",2012,1,1
"3634",447,"VEN",2013,0,0
"3635",447,"VEN",2014,1,1
"3636",447,"VEN",2015,1,1
"3637",447,"VEN",2016,1,1
"3638",447,"VEN",2017,3,1
"3639",447,"VEN",2018,0,0
"3640",NA,"VEN",2019,NA,NA
"3641",NA,"VNM",2000,NA,NA
"3642",NA,"VNM",2001,NA,NA
"3643",NA,"VNM",2002,NA,NA
"3644",NA,"VNM",2003,NA,NA
"3645",NA,"VNM",2004,NA,NA
"3646",NA,"VNM",2005,NA,NA
"3647",NA,"VNM",2006,NA,NA
"3648",NA,"VNM",2007,NA,NA
"3649",NA,"VNM",2008,NA,NA
"3650",NA,"VNM",2009,NA,NA
"3651",NA,"VNM",2010,NA,NA
"3652",NA,"VNM",2011,NA,NA
"3653",NA,"VNM",2012,NA,NA
"3654",NA,"VNM",2013,NA,NA
"3655",NA,"VNM",2014,NA,NA
"3656",NA,"VNM",2015,NA,NA
"3657",NA,"VNM",2016,NA,NA
"3658",NA,"VNM",2017,NA,NA
"3659",NA,"VNM",2018,NA,NA
"3660",NA,"VNM",2019,NA,NA
"3661",NA,"YEM",2000,NA,NA
"3662",NA,"YEM",2001,NA,NA
"3663",NA,"YEM",2002,NA,NA
"3664",11942,"YEM",2003,6,1
"3665",11942,"YEM",2004,28,1
"3666",NA,"YEM",2005,NA,NA
"3667",NA,"YEM",2006,NA,NA
"3668",NA,"YEM",2007,NA,NA
"3669",418,"YEM",2008,2,1
"3670",230,"YEM",2009,5,1
"3671",230,"YEM",2010,0,0
"3672",230,"YEM",2011,12,1
"3673",230,"YEM",2012,7,1
"3674",230,"YEM",2013,3,1
"3675",230,"YEM",2014,1,1
"3676",230,"YEM",2015,1,1
"3677",230,"YEM",2016,2,1
"3678",230,"YEM",2017,4,1
"3679",230,"YEM",2018,4,1
"3680",NA,"YEM",2019,NA,NA
"3681",578,"ZMB",2000,1,1
"3682",475,"ZMB",2001,7,1
"3683",NA,"ZMB",2002,NA,NA
"3684",NA,"ZMB",2003,NA,NA
"3685",NA,"ZMB",2004,NA,NA
"3686",NA,"ZMB",2005,NA,NA
"3687",NA,"ZMB",2006,NA,NA
"3688",NA,"ZMB",2007,NA,NA
"3689",NA,"ZMB",2008,NA,NA
"3690",NA,"ZMB",2009,NA,NA
"3691",NA,"ZMB",2010,NA,NA
"3692",NA,"ZMB",2011,NA,NA
"3693",NA,"ZMB",2012,NA,NA
"3694",NA,"ZMB",2013,NA,NA
"3695",NA,"ZMB",2014,NA,NA
"3696",NA,"ZMB",2015,NA,NA
"3697",NA,"ZMB",2016,NA,NA
"3698",NA,"ZMB",2017,NA,NA
"3699",NA,"ZMB",2018,NA,NA
"3700",NA,"ZMB",2019,NA,NA
"3701",NA,"ZWE",2000,NA,NA
"3702",476,"ZWE",2001,0,0
"3703",NA,"ZWE",2002,NA,NA
"3704",476,"ZWE",2003,0,0
"3705",NA,"ZWE",2004,NA,NA
"3706",NA,"ZWE",2005,NA,NA
"3707",NA,"ZWE",2006,NA,NA
"3708",476,"ZWE",2007,0,0
"3709",476,"ZWE",2008,5,1
"3710",476,"ZWE",2009,0,0
"3711",NA,"ZWE",2010,NA,NA
"3712",476,"ZWE",2011,1,1
"3713",476,"ZWE",2012,1,1
"3714",NA,"ZWE",2013,NA,NA
"3715",NA,"ZWE",2014,NA,NA
"3716",NA,"ZWE",2015,NA,NA
"3717",NA,"ZWE",2016,NA,NA
"3718",NA,"ZWE",2017,NA,NA
"3719",476,"ZWE",2018,3,1
"3720",NA,"ZWE",2019,NA,NA
